Spermanr;Sphere_Centres;Voxel_Indicies;AAL_Coordinates;Talairach_Coordinates
0.6465219395657475;[40, -94, -24];[23733, 26887, 26888, 26889, 33369, 33370, 33405, 33406, 33407, 33408, 33444, 33445, 33446, 33447, 33484, 33485, 33486, 36999, 37035, 37036, 37037, 37073, 37074, 37075, 37076, 40997, 41069, 41070];[(63, 18, 22), (64, 19, 23), (65, 19, 23), (66, 19, 23), (62, 16, 25), (63, 16, 25), (62, 17, 25), (63, 17, 25), (64, 17, 25), (65, 17, 25), (63, 18, 25), (64, 18, 25), (65, 18, 25), (66, 18, 25), (64, 19, 25), (65, 19, 25), (66, 19, 25), (63, 16, 26), (63, 17, 26), (64, 17, 26), (65, 17, 26), (63, 18, 26), (64, 18, 26), (65, 18, 26), (66, 18, 26), (64, 15, 27), (64, 17, 27), (65, 17, 27)];[[(36, -90, -28), 'Outside defined BAs'], [(38, -88, -26), 'Outside defined BAs'], [(40, -88, -26), 'Outside defined BAs'], [(42, -88, -26), 'Outside defined BAs'], [(34, -94, -22), 'Outside defined BAs'], [(36, -94, -22), 'Outside defined BAs'], [(34, -92, -22), 'Outside defined BAs'], [(36, -92, -22), 'Outside defined BAs'], [(38, -92, -22), 'Outside defined BAs'], [(40, -92, -22), 'Outside defined BAs'], [(36, -90, -22), 'Outside defined BAs'], [(38, -90, -22), 'Outside defined BAs'], [(40, -90, -22), 'Outside defined BAs'], [(42, -90, -22), 'Outside defined BAs'], [(38, -88, -22), 'Outside defined BAs'], [(40, -88, -22), 'Outside defined BAs'], [(42, -88, -22), 'Outside defined BAs'], [(36, -94, -20), 'Outside defined BAs'], [(36, -92, -20), 'Outside defined BAs'], [(38, -92, -20), 'Outside defined BAs'], [(40, -92, -20), 'Outside defined BAs'], [(36, -90, -20), 'Outside defined BAs'], [(38, -90, -20), 'Outside defined BAs'], [(40, -90, -20), 'Outside defined BAs'], [(42, -90, -20), 'Outside defined BAs'], [(38, -96, -18), 'Outside defined BAs'], [(38, -92, -18), 'Outside defined BAs'], [(40, -92, -18), 'Outside defined BAs']]
0.4280310486472476;[-50, -74, -54];[29, 30, 59, 60, 61, 62, 63, 98, 99, 100, 101, 102, 140, 141, 142, 143, 144, 185, 186, 187, 188, 189, 234, 235, 236, 580, 581, 610, 611, 612, 613, 614, 649, 650, 651, 652, 653, 691, 692, 693, 694, 695, 736, 737, 738, 739, 740, 785, 786, 787, 1743, 1744, 1745, 1785, 1786, 1787, 1788, 1831, 1832, 1833, 1834, 1878, 1879, 1880, 1881, 1882, 1929, 1930, 1931, 1932, 1933, 3058, 3059, 3060, 3104, 3105, 3106, 3152, 3153, 3154];[(21, 24, 9), (22, 24, 9), (19, 25, 9), (20, 25, 9), (21, 25, 9), (22, 25, 9), (23, 25, 9), (19, 26, 9), (20, 26, 9), (21, 26, 9), (22, 26, 9), (23, 26, 9), (19, 27, 9), (20, 27, 9), (21, 27, 9), (22, 27, 9), (23, 27, 9), (18, 28, 9), (19, 28, 9), (20, 28, 9), (21, 28, 9), (22, 28, 9), (19, 29, 9), (20, 29, 9), (21, 29, 9), (21, 24, 10), (22, 24, 10), (19, 25, 10), (20, 25, 10), (21, 25, 10), (22, 25, 10), (23, 25, 10), (19, 26, 10), (20, 26, 10), (21, 26, 10), (22, 26, 10), (23, 26, 10), (19, 27, 10), (20, 27, 10), (21, 27, 10), (22, 27, 10), (23, 27, 10), (18, 28, 10), (19, 28, 10), (20, 28, 10), (21, 28, 10), (22, 28, 10), (19, 29, 10), (20, 29, 10), (21, 29, 10), (20, 24, 11), (21, 24, 11), (22, 24, 11), (19, 25, 11), (20, 25, 11), (21, 25, 11), (22, 25, 11), (19, 26, 11), (20, 26, 11), (21, 26, 11), (22, 26, 11), (18, 27, 11), (19, 27, 11), (20, 27, 11), (21, 27, 11), (22, 27, 11), (18, 28, 11), (19, 28, 11), (20, 28, 11), (21, 28, 11), (22, 28, 11), (19, 25, 12), (20, 25, 12), (21, 25, 12), (19, 26, 12), (20, 26, 12), (21, 26, 12), (19, 27, 12), (20, 27, 12), (21, 27, 12)];[[(-48, -78, -54), 'Outside defined BAs'], [(-46, -78, -54), 'Outside defined BAs'], [(-52, -76, -54), 'Outside defined BAs'], [(-50, -76, -54), 'Outside defined BAs'], [(-48, -76, -54), 'Outside defined BAs'], [(-46, -76, -54), 'Outside defined BAs'], [(-44, -76, -54), 'Outside defined BAs'], [(-52, -74, -54), 'Outside defined BAs'], [(-50, -74, -54), 'Outside defined BAs'], [(-48, -74, -54), 'Outside defined BAs'], [(-46, -74, -54), 'Outside defined BAs'], [(-44, -74, -54), 'Outside defined BAs'], [(-52, -72, -54), 'Outside defined BAs'], [(-50, -72, -54), 'Outside defined BAs'], [(-48, -72, -54), 'Outside defined BAs'], [(-46, -72, -54), 'Outside defined BAs'], [(-44, -72, -54), 'Outside defined BAs'], [(-54, -70, -54), 'Outside defined BAs'], [(-52, -70, -54), 'Outside defined BAs'], [(-50, -70, -54), 'Outside defined BAs'], [(-48, -70, -54), 'Outside defined BAs'], [(-46, -70, -54), 'Outside defined BAs'], [(-52, -68, -54), 'Outside defined BAs'], [(-50, -68, -54), 'Outside defined BAs'], [(-48, -68, -54), 'Outside defined BAs'], [(-48, -78, -52), 'Outside defined BAs'], [(-46, -78, -52), 'Outside defined BAs'], [(-52, -76, -52), 'Outside defined BAs'], [(-50, -76, -52), 'Outside defined BAs'], [(-48, -76, -52), 'Outside defined BAs'], [(-46, -76, -52), 'Outside defined BAs'], [(-44, -76, -52), 'Outside defined BAs'], [(-52, -74, -52), 'Outside defined BAs'], [(-50, -74, -52), 'Outside defined BAs'], [(-48, -74, -52), 'Outside defined BAs'], [(-46, -74, -52), 'Outside defined BAs'], [(-44, -74, -52), 'Outside defined BAs'], [(-52, -72, -52), 'Outside defined BAs'], [(-50, -72, -52), 'Outside defined BAs'], [(-48, -72, -52), 'Outside defined BAs'], [(-46, -72, -52), 'Outside defined BAs'], [(-44, -72, -52), 'Outside defined BAs'], [(-54, -70, -52), 'Outside defined BAs'], [(-52, -70, -52), 'Outside defined BAs'], [(-50, -70, -52), 'Outside defined BAs'], [(-48, -70, -52), 'Outside defined BAs'], [(-46, -70, -52), 'Outside defined BAs'], [(-52, -68, -52), 'Outside defined BAs'], [(-50, -68, -52), 'Outside defined BAs'], [(-48, -68, -52), 'Outside defined BAs'], [(-50, -78, -50), 'Outside defined BAs'], [(-48, -78, -50), 'Outside defined BAs'], [(-46, -78, -50), 'Outside defined BAs'], [(-52, -76, -50), 'Outside defined BAs'], [(-50, -76, -50), 'Outside defined BAs'], [(-48, -76, -50), 'Outside defined BAs'], [(-46, -76, -50), 'Outside defined BAs'], [(-52, -74, -50), 'Outside defined BAs'], [(-50, -74, -50), 'Outside defined BAs'], [(-48, -74, -50), 'Outside defined BAs'], [(-46, -74, -50), 'Outside defined BAs'], [(-54, -72, -50), 'Outside defined BAs'], [(-52, -72, -50), 'Outside defined BAs'], [(-50, -72, -50), 'Outside defined BAs'], [(-48, -72, -50), 'Outside defined BAs'], [(-46, -72, -50), 'Outside defined BAs'], [(-54, -70, -50), 'Outside defined BAs'], [(-52, -70, -50), 'Outside defined BAs'], [(-50, -70, -50), 'Outside defined BAs'], [(-48, -70, -50), 'Outside defined BAs'], [(-46, -70, -50), 'Outside defined BAs'], [(-52, -76, -48), 'Outside defined BAs'], [(-50, -76, -48), 'Outside defined BAs'], [(-48, -76, -48), 'Outside defined BAs'], [(-52, -74, -48), 'Outside defined BAs'], [(-50, -74, -48), 'Outside defined BAs'], [(-48, -74, -48), 'Outside defined BAs'], [(-52, -72, -48), 'Outside defined BAs'], [(-50, -72, -48), 'Outside defined BAs'], [(-48, -72, -48), 'Outside defined BAs']]
0.4199176422118351;[-40, -94, -34];[11086, 13236, 13237, 13238, 13239, 13240, 13275, 13276, 13277, 15671, 15672, 15673, 15674, 15675, 15706, 15707, 15708, 18179, 18180, 18181, 18182, 18183, 18214, 18215, 18216, 20905];[(25, 18, 17), (23, 18, 18), (24, 18, 18), (25, 18, 18), (26, 18, 18), (27, 18, 18), (24, 19, 18), (25, 19, 18), (26, 19, 18), (23, 18, 19), (24, 18, 19), (25, 18, 19), (26, 18, 19), (27, 18, 19), (24, 19, 19), (25, 19, 19), (26, 19, 19), (23, 18, 20), (24, 18, 20), (25, 18, 20), (26, 18, 20), (27, 18, 20), (24, 19, 20), (25, 19, 20), (26, 19, 20), (27, 18, 21)];[[(-40, -90, -38), 'Outside defined BAs'], [(-44, -90, -36), 'Outside defined BAs'], [(-42, -90, -36), 'Outside defined BAs'], [(-40, -90, -36), 'Outside defined BAs'], [(-38, -90, -36), 'Outside defined BAs'], [(-36, -90, -36), 'Outside defined BAs'], [(-42, -88, -36), 'Outside defined BAs'], [(-40, -88, -36), 'Outside defined BAs'], [(-38, -88, -36), 'Outside defined BAs'], [(-44, -90, -34), 'Outside defined BAs'], [(-42, -90, -34), 'Outside defined BAs'], [(-40, -90, -34), 'Outside defined BAs'], [(-38, -90, -34), 'Outside defined BAs'], [(-36, -90, -34), 'Outside defined BAs'], [(-42, -88, -34), 'Outside defined BAs'], [(-40, -88, -34), 'Outside defined BAs'], [(-38, -88, -34), 'Outside defined BAs'], [(-44, -90, -32), 'Outside defined BAs'], [(-42, -90, -32), 'Outside defined BAs'], [(-40, -90, -32), 'Outside defined BAs'], [(-38, -90, -32), 'Outside defined BAs'], [(-36, -90, -32), 'Outside defined BAs'], [(-42, -88, -32), 'Outside defined BAs'], [(-40, -88, -32), 'Outside defined BAs'], [(-38, -88, -32), 'Outside defined BAs'], [(-36, -90, -30), 'Outside defined BAs']]
0.4001852506966148;[-30, 56, 46];[182623, 186325];[(31, 90, 56), (32, 89, 57)];[[(-28, 54, 40), 'Outside defined BAs'], [(-26, 52, 42), 'Outside defined BAs']]
0.38418168120404833;[-20, 36, 66];[215813, 215814];[(35, 78, 68), (36, 78, 68)];[[(-20, 30, 64), 'Outside defined BAs'], [(-18, 30, 64), 'Outside defined BAs']]
0.31653895747456945;[60, -64, -44];[3308, 3363, 3419, 3420, 3477, 3478, 3535, 4694, 4748, 4749, 4804, 4805, 4806, 4862, 4863, 4864, 4921, 6149, 6208, 6209, 6210, 6268, 6269, 6270, 6271, 6329, 6330, 6331, 6332, 6390, 6391, 6392, 6393, 6452, 6453, 6454, 6513, 6514, 7813, 7872, 7873, 7874, 7932, 7933, 7934, 7935, 7993, 7994, 7995, 7996, 8054, 8055, 8056, 8057, 8116, 8117, 8118, 8177, 8178, 9681, 9682, 9683, 9742, 9743, 9744, 9803, 9804, 9805, 9864, 9865, 9866, 9925, 9926, 9927, 11764, 11765, 11825, 11826, 11886, 11887];[(73, 29, 12), (73, 30, 12), (73, 31, 12), (74, 31, 12), (73, 32, 12), (74, 32, 12), (73, 33, 12), (73, 29, 13), (72, 30, 13), (73, 30, 13), (72, 31, 13), (73, 31, 13), (74, 31, 13), (72, 32, 13), (73, 32, 13), (74, 32, 13), (73, 33, 13), (74, 28, 14), (73, 29, 14), (74, 29, 14), (75, 29, 14), (72, 30, 14), (73, 30, 14), (74, 30, 14), (75, 30, 14), (72, 31, 14), (73, 31, 14), (74, 31, 14), (75, 31, 14), (72, 32, 14), (73, 32, 14), (74, 32, 14), (75, 32, 14), (73, 33, 14), (74, 33, 14), (75, 33, 14), (74, 34, 14), (75, 34, 14), (74, 28, 15), (73, 29, 15), (74, 29, 15), (75, 29, 15), (72, 30, 15), (73, 30, 15), (74, 30, 15), (75, 30, 15), (72, 31, 15), (73, 31, 15), (74, 31, 15), (75, 31, 15), (72, 32, 15), (73, 32, 15), (74, 32, 15), (75, 32, 15), (73, 33, 15), (74, 33, 15), (75, 33, 15), (74, 34, 15), (75, 34, 15), (73, 29, 16), (74, 29, 16), (75, 29, 16), (73, 30, 16), (74, 30, 16), (75, 30, 16), (73, 31, 16), (74, 31, 16), (75, 31, 16), (73, 32, 16), (74, 32, 16), (75, 32, 16), (73, 33, 16), (74, 33, 16), (75, 33, 16), (74, 30, 17), (75, 30, 17), (74, 31, 17), (75, 31, 17), (74, 32, 17), (75, 32, 17)];[[(56, -68, -48), 'Outside defined BAs'], [(56, -66, -48), 'Outside defined BAs'], [(56, -64, -48), 'Outside defined BAs'], [(58, -64, -48), 'Outside defined BAs'], [(56, -62, -48), 'Outside defined BAs'], [(58, -62, -48), 'Outside defined BAs'], [(56, -60, -48), 'Outside defined BAs'], [(56, -68, -46), 'Outside defined BAs'], [(54, -66, -46), 'Outside defined BAs'], [(56, -66, -46), 'Outside defined BAs'], [(54, -64, -46), 'Outside defined BAs'], [(56, -64, -46), 'Outside defined BAs'], [(58, -64, -46), 'Outside defined BAs'], [(54, -62, -46), 'Outside defined BAs'], [(56, -62, -46), 'Outside defined BAs'], [(58, -62, -46), 'Outside defined BAs'], [(56, -60, -46), 'Outside defined BAs'], [(58, -70, -44), 'Outside defined BAs'], [(56, -68, -44), 'Outside defined BAs'], [(58, -68, -44), 'Outside defined BAs'], [(60, -68, -44), 'Outside defined BAs'], [(54, -66, -44), 'Outside defined BAs'], [(56, -66, -44), 'Outside defined BAs'], [(58, -66, -44), 'Outside defined BAs'], [(60, -66, -44), 'Outside defined BAs'], [(54, -64, -44), 'Outside defined BAs'], [(56, -64, -44), 'Outside defined BAs'], [(58, -64, -44), 'Outside defined BAs'], [(60, -64, -44), 'Outside defined BAs'], [(54, -62, -44), 'Outside defined BAs'], [(56, -62, -44), 'Outside defined BAs'], [(58, -62, -44), 'Outside defined BAs'], [(60, -62, -44), 'Outside defined BAs'], [(56, -60, -44), 'Outside defined BAs'], [(58, -60, -44), 'Outside defined BAs'], [(60, -60, -44), 'Outside defined BAs'], [(58, -58, -44), 'Outside defined BAs'], [(60, -58, -44), 'Outside defined BAs'], [(58, -70, -42), 'Outside defined BAs'], [(56, -68, -42), 'Outside defined BAs'], [(58, -68, -42), 'Outside defined BAs'], [(60, -68, -42), 'Outside defined BAs'], [(54, -66, -42), 'Outside defined BAs'], [(56, -66, -42), 'Outside defined BAs'], [(58, -66, -42), 'Outside defined BAs'], [(60, -66, -42), 'Outside defined BAs'], [(54, -64, -42), 'Outside defined BAs'], [(56, -64, -42), 'Outside defined BAs'], [(58, -64, -42), 'Outside defined BAs'], [(60, -64, -42), 'Outside defined BAs'], [(54, -62, -42), 'Outside defined BAs'], [(56, -62, -42), 'Outside defined BAs'], [(58, -62, -42), 'Outside defined BAs'], [(60, -62, -42), 'Outside defined BAs'], [(56, -60, -42), 'Outside defined BAs'], [(58, -60, -42), 'Outside defined BAs'], [(60, -60, -42), 'Outside defined BAs'], [(58, -58, -42), 'Outside defined BAs'], [(60, -58, -42), 'Outside defined BAs'], [(56, -68, -40), 'Outside defined BAs'], [(58, -68, -40), 'Outside defined BAs'], [(60, -68, -40), 'Outside defined BAs'], [(56, -66, -40), 'Outside defined BAs'], [(58, -66, -40), 'Outside defined BAs'], [(60, -66, -40), 'Outside defined BAs'], [(56, -64, -40), 'Outside defined BAs'], [(58, -64, -40), 'Outside defined BAs'], [(60, -64, -40), 'Outside defined BAs'], [(56, -62, -40), 'Outside defined BAs'], [(58, -62, -40), 'Outside defined BAs'], [(60, -62, -40), 'Outside defined BAs'], [(56, -60, -40), 'Outside defined BAs'], [(58, -60, -40), 'Outside defined BAs'], [(60, -60, -40), 'Outside defined BAs'], [(58, -66, -38), 'Outside defined BAs'], [(60, -66, -38), 'Outside defined BAs'], [(58, -64, -38), 'Outside defined BAs'], [(60, -64, -38), 'Outside defined BAs'], [(58, -62, -38), 'Outside defined BAs'], [(60, -62, -38), 'Outside defined BAs']]
0.3103264680882858;[40, -84, -54];[5, 6, 7, 8, 23, 24, 25, 26, 27, 52, 53, 54, 556, 557, 558, 559, 574, 575, 576, 577, 578, 603, 604, 605, 1637, 1638, 1639, 1640, 1641, 1666, 1667, 1668, 1669, 1670, 1699, 1700, 1701, 1702, 1703, 1735, 1736, 1737, 1738, 1739, 2908, 2909, 2910, 2937, 2938, 2939, 2972, 2973, 2974];[(63, 22, 9), (64, 22, 9), (65, 22, 9), (66, 22, 9), (63, 23, 9), (64, 23, 9), (65, 23, 9), (66, 23, 9), (67, 23, 9), (64, 24, 9), (65, 24, 9), (66, 24, 9), (63, 22, 10), (64, 22, 10), (65, 22, 10), (66, 22, 10), (63, 23, 10), (64, 23, 10), (65, 23, 10), (66, 23, 10), (67, 23, 10), (64, 24, 10), (65, 24, 10), (66, 24, 10), (63, 20, 11), (64, 20, 11), (65, 20, 11), (66, 20, 11), (67, 20, 11), (63, 21, 11), (64, 21, 11), (65, 21, 11), (66, 21, 11), (67, 21, 11), (63, 22, 11), (64, 22, 11), (65, 22, 11), (66, 22, 11), (67, 22, 11), (63, 23, 11), (64, 23, 11), (65, 23, 11), (66, 23, 11), (67, 23, 11), (64, 20, 12), (65, 20, 12), (66, 20, 12), (64, 21, 12), (65, 21, 12), (66, 21, 12), (64, 22, 12), (65, 22, 12), (66, 22, 12)];[[(36, -82, -54), 'Outside defined BAs'], [(38, -82, -54), 'Outside defined BAs'], [(40, -82, -54), 'Outside defined BAs'], [(42, -82, -54), 'Outside defined BAs'], [(36, -80, -54), 'Outside defined BAs'], [(38, -80, -54), 'Outside defined BAs'], [(40, -80, -54), 'Outside defined BAs'], [(42, -80, -54), 'Outside defined BAs'], [(44, -80, -54), 'Outside defined BAs'], [(38, -78, -54), 'Outside defined BAs'], [(40, -78, -54), 'Outside defined BAs'], [(42, -78, -54), 'Outside defined BAs'], [(36, -82, -52), 'Outside defined BAs'], [(38, -82, -52), 'Outside defined BAs'], [(40, -82, -52), 'Outside defined BAs'], [(42, -82, -52), 'Outside defined BAs'], [(36, -80, -52), 'Outside defined BAs'], [(38, -80, -52), 'Outside defined BAs'], [(40, -80, -52), 'Outside defined BAs'], [(42, -80, -52), 'Outside defined BAs'], [(44, -80, -52), 'Outside defined BAs'], [(38, -78, -52), 'Outside defined BAs'], [(40, -78, -52), 'Outside defined BAs'], [(42, -78, -52), 'Outside defined BAs'], [(36, -86, -50), 'Outside defined BAs'], [(38, -86, -50), 'Outside defined BAs'], [(40, -86, -50), 'Outside defined BAs'], [(42, -86, -50), 'Outside defined BAs'], [(44, -86, -50), 'Outside defined BAs'], [(36, -84, -50), 'Outside defined BAs'], [(38, -84, -50), 'Outside defined BAs'], [(40, -84, -50), 'Outside defined BAs'], [(42, -84, -50), 'Outside defined BAs'], [(44, -84, -50), 'Outside defined BAs'], [(36, -82, -50), 'Outside defined BAs'], [(38, -82, -50), 'Outside defined BAs'], [(40, -82, -50), 'Outside defined BAs'], [(42, -82, -50), 'Outside defined BAs'], [(44, -82, -50), 'Outside defined BAs'], [(36, -80, -50), 'Outside defined BAs'], [(38, -80, -50), 'Outside defined BAs'], [(40, -80, -50), 'Outside defined BAs'], [(42, -80, -50), 'Outside defined BAs'], [(44, -80, -50), 'Outside defined BAs'], [(38, -86, -48), 'Outside defined BAs'], [(40, -86, -48), 'Outside defined BAs'], [(42, -86, -48), 'Outside defined BAs'], [(38, -84, -48), 'Outside defined BAs'], [(40, -84, -48), 'Outside defined BAs'], [(42, -84, -48), 'Outside defined BAs'], [(38, -82, -48), 'Outside defined BAs'], [(40, -82, -48), 'Outside defined BAs'], [(42, -82, -48), 'Outside defined BAs']]
0.2939624088436859;[-70, 6, -14];[48099, 48163, 52426, 52490, 57149, 57215, 57281];[(13, 65, 28), (13, 66, 28), (13, 65, 29), (13, 66, 29), (13, 65, 30), (13, 66, 30), (13, 67, 30)];[[(-64, 4, -16), 'Outside defined BAs'], [(-64, 6, -16), 'Outside defined BAs'], [(-64, 4, -14), 'Outside defined BAs'], [(-64, 6, -14), 'Outside defined BAs'], [(-64, 4, -12), 'Outside defined BAs'], [(-64, 6, -12), 'Outside defined BAs'], [(-64, 8, -12), 'Outside defined BAs']]
0.25557234751195945;[-50, -84, -24];[21000, 21044, 21045, 21046, 23770, 23812, 23813, 23856, 23857, 23858, 23859, 23906, 23907, 23908, 23909, 23910, 26891, 26892, 26933, 26934, 26935, 26936, 26979, 26980, 26981, 26982, 26983, 27027, 27028, 27029, 27030, 27031, 27076, 27077, 27078, 33488, 33526, 33564];[(21, 21, 21), (19, 22, 21), (20, 22, 21), (21, 22, 21), (22, 20, 22), (21, 21, 22), (22, 21, 22), (19, 22, 22), (20, 22, 22), (21, 22, 22), (22, 22, 22), (18, 23, 22), (19, 23, 22), (20, 23, 22), (21, 23, 22), (22, 23, 22), (22, 20, 23), (23, 20, 23), (20, 21, 23), (21, 21, 23), (22, 21, 23), (23, 21, 23), (19, 22, 23), (20, 22, 23), (21, 22, 23), (22, 22, 23), (23, 22, 23), (18, 23, 23), (19, 23, 23), (20, 23, 23), (21, 23, 23), (22, 23, 23), (19, 24, 23), (20, 24, 23), (21, 24, 23), (23, 20, 25), (23, 21, 25), (23, 22, 25)];[[(-48, -84, -30), 'Outside defined BAs'], [(-52, -82, -30), 'Outside defined BAs'], [(-50, -82, -30), 'Outside defined BAs'], [(-48, -82, -30), 'Outside defined BAs'], [(-46, -86, -28), 'Outside defined BAs'], [(-48, -84, -28), 'Outside defined BAs'], [(-46, -84, -28), 'Outside defined BAs'], [(-52, -82, -28), 'Outside defined BAs'], [(-50, -82, -28), 'Outside defined BAs'], [(-48, -82, -28), 'Outside defined BAs'], [(-46, -82, -28), 'Outside defined BAs'], [(-54, -80, -28), 'Outside defined BAs'], [(-52, -80, -28), 'Outside defined BAs'], [(-50, -80, -28), 'Outside defined BAs'], [(-48, -80, -28), 'Outside defined BAs'], [(-46, -80, -28), 'Outside defined BAs'], [(-46, -86, -26), 'Outside defined BAs'], [(-44, -86, -26), 'Outside defined BAs'], [(-50, -84, -26), 'Outside defined BAs'], [(-48, -84, -26), 'Outside defined BAs'], [(-46, -84, -26), 'Outside defined BAs'], [(-44, -84, -26), 'Outside defined BAs'], [(-52, -82, -26), 'Outside defined BAs'], [(-50, -82, -26), 'Outside defined BAs'], [(-48, -82, -26), 'Outside defined BAs'], [(-46, -82, -26), 'Outside defined BAs'], [(-44, -82, -26), 'Outside defined BAs'], [(-54, -80, -26), 'Outside defined BAs'], [(-52, -80, -26), 'Outside defined BAs'], [(-50, -80, -26), 'Outside defined BAs'], [(-48, -80, -26), 'Outside defined BAs'], [(-46, -80, -26), 'Outside defined BAs'], [(-52, -78, -26), 'Outside defined BAs'], [(-50, -78, -26), 'Outside defined BAs'], [(-48, -78, -26), 'Outside defined BAs'], [(-44, -86, -22), 'Outside defined BAs'], [(-44, -84, -22), 'Outside defined BAs'], [(-44, -82, -22), 'Outside defined BAs']]
0.22721292013792316;[20, 16, -34];[11033, 13142, 13166, 13188, 15550, 15577, 15601, 15602, 15623, 15624, 15643, 17976, 18009, 18010, 18039, 18040, 18065, 18066, 18089, 20638, 20671, 20672, 20701, 20702, 20727, 20728, 20751, 23382, 23383, 23418, 23451];[(56, 70, 16), (57, 69, 17), (57, 70, 17), (57, 71, 17), (56, 68, 18), (57, 69, 18), (57, 70, 18), (58, 70, 18), (57, 71, 18), (58, 71, 18), (58, 72, 18), (56, 68, 19), (56, 69, 19), (57, 69, 19), (57, 70, 19), (58, 70, 19), (57, 71, 19), (58, 71, 19), (58, 72, 19), (56, 68, 20), (56, 69, 20), (57, 69, 20), (57, 70, 20), (58, 70, 20), (57, 71, 20), (58, 71, 20), (58, 72, 20), (56, 69, 21), (57, 69, 21), (57, 70, 21), (57, 71, 21)];[[(22, 14, -40), 'Outside defined BAs'], [(24, 12, -38), 'Outside defined BAs'], [(24, 14, -38), 'Outside defined BAs'], [(24, 16, -38), 'Outside defined BAs'], [(22, 10, -36), 'Outside defined BAs'], [(24, 12, -36), 'Outside defined BAs'], [(24, 14, -36), 'Outside defined BAs'], [(26, 14, -36), 'Outside defined BAs'], [(24, 16, -36), 'Outside defined BAs'], [(26, 16, -36), 'Outside defined BAs'], [(26, 18, -36), 'Outside defined BAs'], [(22, 10, -34), 'Right-Temporalpole (38)'], [(22, 12, -34), 'Outside defined BAs'], [(24, 12, -34), 'Right-Temporalpole (38)'], [(24, 14, -34), 'Outside defined BAs'], [(26, 14, -34), 'Right-Temporalpole (38)'], [(24, 16, -34), 'Outside defined BAs'], [(26, 16, -34), 'Outside defined BAs'], [(26, 18, -34), 'Outside defined BAs'], [(22, 10, -32), 'Right-Temporalpole (38)'], [(22, 12, -32), 'Outside defined BAs'], [(24, 12, -32), 'Right-Temporalpole (38)'], [(24, 14, -32), 'Outside defined BAs'], [(26, 14, -32), 'Right-Temporalpole (38)'], [(24, 16, -32), 'Outside defined BAs'], [(26, 16, -32), 'Outside defined BAs'], [(26, 18, -32), 'Outside defined BAs'], [(22, 12, -30), 'Outside defined BAs'], [(24, 12, -30), 'Right-Temporalpole (38)'], [(24, 14, -30), 'Outside defined BAs'], [(24, 16, -30), 'Outside defined BAs']]
0.21813493462016756;[-60, -64, 46];[183145, 183201];[(17, 32, 57), (17, 33, 57)];[[(-56, -62, 42), 'Outside defined BAs'], [(-56, -60, 42), 'Outside defined BAs']]
0.21201320034193094;[-60, -44, -34];[12242, 14428, 14485, 16855, 16912];[(17, 39, 17), (17, 39, 18), (18, 40, 18), (17, 39, 19), (18, 40, 19)];[[(-56, -48, -38), 'Outside defined BAs'], [(-56, -48, -36), 'Outside defined BAs'], [(-54, -46, -36), 'Outside defined BAs'], [(-56, -48, -34), 'Outside defined BAs'], [(-54, -46, -34), 'Outside defined BAs']]
0.20725125173153894;[-10, -84, 56];[199568, 199569];[(41, 23, 62), (42, 23, 62)];[[(-8, -80, 52), 'Outside defined BAs'], [(-6, -80, 52), 'Outside defined BAs']]
0.18755278934758624;[-20, -104, -24];[33285, 33286, 33287, 40883, 40884];[(34, 14, 25), (35, 14, 25), (36, 14, 25), (35, 12, 27), (36, 12, 27)];[[(-22, -98, -22), 'Outside defined BAs'], [(-20, -98, -22), 'Outside defined BAs'], [(-18, -98, -22), 'Outside defined BAs'], [(-20, -102, -18), 'Outside defined BAs'], [(-18, -102, -18), 'Outside defined BAs']]
0.18348332854172134;[-10, 46, -34];[18161, 18162, 18163, 20823, 20824, 20825, 20834, 20835, 20836, 20837, 20838, 20846, 20847, 20848, 20849, 20850, 20851, 20858, 20859, 20860, 20861, 20862, 20863, 20871, 20872, 20873, 20874, 20875, 20876, 20884, 20885, 20886, 20887, 20888, 20896, 20897, 20898, 23640, 23641, 23642, 23643, 23644, 23652, 23653, 23654, 23655, 23656, 23664, 23665, 23666, 23667, 23668, 23677, 23678, 23679, 23680, 23681, 23690, 23691, 23692, 23693, 23694, 26678, 26679, 26680, 26698, 26699, 26700, 26717, 26718, 26719];[(39, 83, 19), (40, 83, 19), (41, 83, 19), (39, 83, 20), (40, 83, 20), (41, 83, 20), (38, 84, 20), (39, 84, 20), (40, 84, 20), (41, 84, 20), (42, 84, 20), (38, 85, 20), (39, 85, 20), (40, 85, 20), (41, 85, 20), (42, 85, 20), (43, 85, 20), (38, 86, 20), (39, 86, 20), (40, 86, 20), (41, 86, 20), (42, 86, 20), (43, 86, 20), (38, 87, 20), (39, 87, 20), (40, 87, 20), (41, 87, 20), (42, 87, 20), (43, 87, 20), (38, 88, 20), (39, 88, 20), (40, 88, 20), (41, 88, 20), (42, 88, 20), (39, 89, 20), (40, 89, 20), (41, 89, 20), (38, 84, 21), (39, 84, 21), (40, 84, 21), (41, 84, 21), (42, 84, 21), (38, 85, 21), (39, 85, 21), (40, 85, 21), (41, 85, 21), (42, 85, 21), (38, 86, 21), (39, 86, 21), (40, 86, 21), (41, 86, 21), (42, 86, 21), (38, 87, 21), (39, 87, 21), (40, 87, 21), (41, 87, 21), (42, 87, 21), (38, 88, 21), (39, 88, 21), (40, 88, 21), (41, 88, 21), (42, 88, 21), (39, 85, 22), (40, 85, 22), (41, 85, 22), (39, 86, 22), (40, 86, 22), (41, 86, 22), (39, 87, 22), (40, 87, 22), (41, 87, 22)];[[(-12, 40, -34), 'Outside defined BAs'], [(-10, 40, -34), 'Outside defined BAs'], [(-8, 40, -34), 'Outside defined BAs'], [(-12, 40, -32), 'Outside defined BAs'], [(-10, 40, -32), 'Outside defined BAs'], [(-8, 40, -32), 'Outside defined BAs'], [(-14, 42, -32), 'Outside defined BAs'], [(-12, 42, -32), 'Outside defined BAs'], [(-10, 42, -32), 'Outside defined BAs'], [(-8, 42, -32), 'Outside defined BAs'], [(-6, 42, -32), 'Outside defined BAs'], [(-14, 44, -32), 'Outside defined BAs'], [(-12, 44, -32), 'Outside defined BAs'], [(-10, 44, -32), 'Outside defined BAs'], [(-8, 44, -32), 'Outside defined BAs'], [(-6, 44, -32), 'Outside defined BAs'], [(-4, 44, -32), 'Outside defined BAs'], [(-14, 46, -32), 'Outside defined BAs'], [(-12, 46, -32), 'Outside defined BAs'], [(-10, 46, -32), 'Outside defined BAs'], [(-8, 46, -32), 'Outside defined BAs'], [(-6, 46, -32), 'Outside defined BAs'], [(-4, 46, -32), 'Outside defined BAs'], [(-14, 48, -32), 'Outside defined BAs'], [(-12, 48, -32), 'Outside defined BAs'], [(-10, 48, -32), 'Outside defined BAs'], [(-8, 48, -32), 'Outside defined BAs'], [(-6, 48, -32), 'Outside defined BAs'], [(-4, 48, -32), 'Outside defined BAs'], [(-14, 50, -32), 'Outside defined BAs'], [(-12, 50, -32), 'Outside defined BAs'], [(-10, 50, -32), 'Outside defined BAs'], [(-8, 50, -32), 'Outside defined BAs'], [(-6, 50, -32), 'Outside defined BAs'], [(-12, 52, -32), 'Outside defined BAs'], [(-10, 52, -32), 'Outside defined BAs'], [(-8, 52, -32), 'Outside defined BAs'], [(-14, 42, -30), 'Outside defined BAs'], [(-12, 42, -30), 'Outside defined BAs'], [(-10, 42, -30), 'Outside defined BAs'], [(-8, 42, -30), 'Outside defined BAs'], [(-6, 42, -30), 'Outside defined BAs'], [(-14, 44, -30), 'Outside defined BAs'], [(-12, 44, -30), 'Outside defined BAs'], [(-10, 44, -30), 'Outside defined BAs'], [(-8, 44, -30), 'Outside defined BAs'], [(-6, 44, -30), 'Outside defined BAs'], [(-14, 46, -30), 'Outside defined BAs'], [(-12, 46, -30), 'Outside defined BAs'], [(-10, 46, -30), 'Outside defined BAs'], [(-8, 46, -30), 'Outside defined BAs'], [(-6, 46, -30), 'Outside defined BAs'], [(-14, 48, -30), 'Outside defined BAs'], [(-12, 48, -30), 'Outside defined BAs'], [(-10, 48, -30), 'Outside defined BAs'], [(-8, 48, -30), 'Outside defined BAs'], [(-6, 48, -30), 'Outside defined BAs'], [(-14, 50, -30), 'Outside defined BAs'], [(-12, 50, -30), 'Outside defined BAs'], [(-10, 50, -30), 'Outside defined BAs'], [(-8, 50, -30), 'Outside defined BAs'], [(-6, 50, -30), 'Outside defined BAs'], [(-12, 44, -28), 'Outside defined BAs'], [(-10, 44, -28), 'Outside defined BAs'], [(-8, 44, -28), 'Outside defined BAs'], [(-12, 46, -28), 'Outside defined BAs'], [(-10, 46, -28), 'Outside defined BAs'], [(-8, 46, -28), 'Outside defined BAs'], [(-12, 48, -28), 'Outside defined BAs'], [(-10, 48, -28), 'Outside defined BAs'], [(-8, 48, -28), 'Outside defined BAs']]
0.18333523472274904;[20, 66, -24];[36868, 36869, 36870, 36887, 36888, 36889, 36890, 36902, 36903, 36904, 36905, 40864, 40865, 40866, 40867, 40880, 40881, 40882, 45110, 45111, 45112];[(54, 93, 25), (55, 93, 25), (56, 93, 25), (53, 94, 25), (54, 94, 25), (55, 94, 25), (56, 94, 25), (52, 95, 25), (53, 95, 25), (54, 95, 25), (55, 95, 25), (53, 94, 26), (54, 94, 26), (55, 94, 26), (56, 94, 26), (53, 95, 26), (54, 95, 26), (55, 95, 26), (54, 95, 27), (55, 95, 27), (56, 95, 27)];[[(18, 60, -22), 'Outside defined BAs'], [(20, 60, -22), 'Outside defined BAs'], [(22, 60, -22), 'Outside defined BAs'], [(16, 62, -22), 'Outside defined BAs'], [(18, 62, -22), 'Outside defined BAs'], [(20, 62, -22), 'Outside defined BAs'], [(22, 62, -22), 'Outside defined BAs'], [(14, 64, -22), 'Outside defined BAs'], [(16, 64, -22), 'Outside defined BAs'], [(18, 64, -22), 'Outside defined BAs'], [(20, 64, -22), 'Outside defined BAs'], [(16, 62, -20), 'Outside defined BAs'], [(18, 62, -20), 'Outside defined BAs'], [(20, 62, -20), 'Outside defined BAs'], [(22, 62, -20), 'Outside defined BAs'], [(16, 64, -20), 'Outside defined BAs'], [(18, 64, -20), 'Outside defined BAs'], [(20, 64, -20), 'Outside defined BAs'], [(18, 64, -18), 'Outside defined BAs'], [(20, 64, -18), 'Outside defined BAs'], [(22, 64, -18), 'Outside defined BAs']]
0.1802426739268393;[40, -34, -54];[1519, 1554, 1555, 1586, 1587, 2747, 2748, 2780];[(64, 43, 10), (63, 44, 10), (64, 44, 10), (62, 45, 10), (63, 45, 10), (63, 44, 11), (64, 44, 11), (63, 45, 11)];[[(38, -40, -52), 'Outside defined BAs'], [(36, -38, -52), 'Outside defined BAs'], [(38, -38, -52), 'Outside defined BAs'], [(34, -36, -52), 'Outside defined BAs'], [(36, -36, -52), 'Outside defined BAs'], [(36, -38, -50), 'Outside defined BAs'], [(38, -38, -50), 'Outside defined BAs'], [(36, -36, -50), 'Outside defined BAs']]
0.17943588847457714;[-20, 66, 36];[166275, 166276, 166277, 166290];[(35, 94, 52), (36, 94, 52), (37, 94, 52), (37, 95, 52)];[[(-20, 62, 32), 'Outside defined BAs'], [(-18, 62, 32), 'Outside defined BAs'], [(-16, 62, 32), 'Outside defined BAs'], [(-16, 64, 32), 'Outside defined BAs']]
0.16660585628700128;[-30, -14, -44];[10658, 10659];[(28, 58, 16), (29, 58, 16)];[[(-34, -10, -40), 'Outside defined BAs'], [(-32, -10, -40), 'Outside defined BAs']]
0.1660939922971288;[-10, 36, -34];[18129, 18130, 18131, 18132, 18133, 18139, 18140, 18141, 18142, 18143, 18150, 18151, 18152, 18153, 18154, 18161, 18162, 18163, 18164, 20791, 20792, 20793, 20794, 20795, 20801, 20802, 20803, 20804, 20805, 20812, 20813, 20814, 20815, 20816, 20823, 20824, 20825, 20826, 20835, 20836, 20837, 23597, 23598, 23599, 23600, 23607, 23608, 23609, 23610, 23618, 23619, 23620, 23621, 23629, 23630, 23631, 23632, 26578, 26579, 26580, 26598, 26599, 26600, 26618, 26619, 26620];[(39, 80, 19), (40, 80, 19), (41, 80, 19), (42, 80, 19), (43, 80, 19), (39, 81, 19), (40, 81, 19), (41, 81, 19), (42, 81, 19), (43, 81, 19), (39, 82, 19), (40, 82, 19), (41, 82, 19), (42, 82, 19), (43, 82, 19), (39, 83, 19), (40, 83, 19), (41, 83, 19), (42, 83, 19), (39, 80, 20), (40, 80, 20), (41, 80, 20), (42, 80, 20), (43, 80, 20), (39, 81, 20), (40, 81, 20), (41, 81, 20), (42, 81, 20), (43, 81, 20), (39, 82, 20), (40, 82, 20), (41, 82, 20), (42, 82, 20), (43, 82, 20), (39, 83, 20), (40, 83, 20), (41, 83, 20), (42, 83, 20), (39, 84, 20), (40, 84, 20), (41, 84, 20), (39, 80, 21), (40, 80, 21), (41, 80, 21), (42, 80, 21), (39, 81, 21), (40, 81, 21), (41, 81, 21), (42, 81, 21), (39, 82, 21), (40, 82, 21), (41, 82, 21), (42, 82, 21), (39, 83, 21), (40, 83, 21), (41, 83, 21), (42, 83, 21), (39, 80, 22), (40, 80, 22), (41, 80, 22), (39, 81, 22), (40, 81, 22), (41, 81, 22), (39, 82, 22), (40, 82, 22), (41, 82, 22)];[[(-12, 34, -34), 'Outside defined BAs'], [(-10, 34, -34), 'Outside defined BAs'], [(-8, 34, -34), 'Outside defined BAs'], [(-6, 34, -34), 'Outside defined BAs'], [(-4, 34, -34), 'Outside defined BAs'], [(-12, 36, -34), 'Outside defined BAs'], [(-10, 36, -34), 'Outside defined BAs'], [(-8, 36, -34), 'Outside defined BAs'], [(-6, 36, -34), 'Outside defined BAs'], [(-4, 36, -34), 'Outside defined BAs'], [(-12, 38, -34), 'Outside defined BAs'], [(-10, 38, -34), 'Outside defined BAs'], [(-8, 38, -34), 'Outside defined BAs'], [(-6, 38, -34), 'Outside defined BAs'], [(-4, 38, -34), 'Outside defined BAs'], [(-12, 40, -34), 'Outside defined BAs'], [(-10, 40, -34), 'Outside defined BAs'], [(-8, 40, -34), 'Outside defined BAs'], [(-6, 40, -34), 'Outside defined BAs'], [(-12, 34, -32), 'Outside defined BAs'], [(-10, 34, -32), 'Outside defined BAs'], [(-8, 34, -32), 'Outside defined BAs'], [(-6, 34, -32), 'Outside defined BAs'], [(-4, 34, -32), 'Outside defined BAs'], [(-12, 36, -32), 'Outside defined BAs'], [(-10, 36, -32), 'Outside defined BAs'], [(-8, 36, -32), 'Outside defined BAs'], [(-6, 36, -32), 'Outside defined BAs'], [(-4, 36, -32), 'Outside defined BAs'], [(-12, 38, -32), 'Outside defined BAs'], [(-10, 38, -32), 'Outside defined BAs'], [(-8, 38, -32), 'Outside defined BAs'], [(-6, 38, -32), 'Outside defined BAs'], [(-4, 38, -32), 'Outside defined BAs'], [(-12, 40, -32), 'Outside defined BAs'], [(-10, 40, -32), 'Outside defined BAs'], [(-8, 40, -32), 'Outside defined BAs'], [(-6, 40, -32), 'Outside defined BAs'], [(-12, 42, -32), 'Outside defined BAs'], [(-10, 42, -32), 'Outside defined BAs'], [(-8, 42, -32), 'Outside defined BAs'], [(-12, 34, -30), 'Outside defined BAs'], [(-10, 34, -30), 'Outside defined BAs'], [(-8, 34, -30), 'Outside defined BAs'], [(-6, 34, -30), 'Outside defined BAs'], [(-12, 36, -30), 'Outside defined BAs'], [(-10, 36, -30), 'Outside defined BAs'], [(-8, 36, -30), 'Outside defined BAs'], [(-6, 36, -30), 'Outside defined BAs'], [(-12, 38, -30), 'Outside defined BAs'], [(-10, 38, -30), 'Outside defined BAs'], [(-8, 38, -30), 'Outside defined BAs'], [(-6, 38, -30), 'Outside defined BAs'], [(-12, 40, -30), 'Outside defined BAs'], [(-10, 40, -30), 'Outside defined BAs'], [(-8, 40, -30), 'Outside defined BAs'], [(-6, 40, -30), 'Outside defined BAs'], [(-12, 34, -28), 'Outside defined BAs'], [(-10, 34, -28), 'Outside defined BAs'], [(-8, 34, -28), 'Outside defined BAs'], [(-12, 36, -28), 'Outside defined BAs'], [(-10, 36, -28), 'Outside defined BAs'], [(-8, 36, -28), 'Outside defined BAs'], [(-12, 38, -28), 'Outside defined BAs'], [(-10, 38, -28), 'Outside defined BAs'], [(-8, 38, -28), 'Outside defined BAs']]
