"em_dt_abwehren-extra_hell.mpg";"die Urlauberin wehrt die Verkäufer ab"
"em_dt_alktrinken_hell.mpg";"die Jugendlichen trinken gerne Alkohol"
"em_dt_anruferbeten_hell.mpg";"das Mädchen bittet die Freundin um ein Anruf"
"em_dt_applaus-extra_hell.mpg";"der Jurist hat seine Samen mit Bravour bestanden"
"em_dt_applaus_hell.mpg";"der Schüler hat seine Prüfung mit Bravour bestanden"
"em_dt_auffordern-extra_hell.mpg";"die Kommentatoren fordert den Redner auf zu beginnen"
"em_dt_auffordern_hell.mpg";"die Moderatorin fordert den Herrn auf zu beginnen"
"em_dt_aufstehen_hell.mpg";"der Lehrer lässt die Schüler zur Begrüßung aufstehen"
"em_dt_beruhigen_hell.mpg";"die Lehrerin fordert die Schüler zur Ruhe auf"
"em_dt_brettvorkopf-extra_hell.mpg";"der Jugendliche erkennt endlich die Situation"
"em_dt_daeumchendrehen_hell.mpg";"die ZuhörerInnen langweilt sich sehr"
"em_dt_daumendrauf_hell.mpg";"die Eltern haben auf der Kindererziehung den Daumen drauf"
"em_dt_daumendruecken_hell.mpg";"die Schwester wünscht ihrer Freundin viel Glück"
"em_dt_daumenhoch_hell.mpg";"der Fahrer signalisiert dass alles in Ordnung ist"
"em_dt_daumenlob_hell.mpg";"der Trainer lobt das Abschneiden seines Teams"
"em_dt_daumenrunter_hell.mpg";"die Schauspielerin hat nicht gut gespielt"
"em_dt_desinteresse_hell.mpg";"die Meinung der Mutter interessiert die Tochter nicht"
"em_dt_drohen-extra_hell.mpg";"der Vorstand droht der Abteilung Sanktionen an"
"em_dt_drohen_hell.mpg";"die Rentnerin droht dem wilden Autofahrer"
"em_dt_egalnachlaessigkeit_hell.mpg";"dem Jungen ist seine Nachlässigkeit egal"
"em_dt_ermahnen_hell.mpg";"der Bischof ermahnt die Gläubigen"
"em_dt_gefaehrlich_hell.mpg";"die Chefin findet das Vorhaben gefährlich"
"em_dt_gelassenheit_hell.mpg";"der Vorgesetzte mahnt zu mehr Gelassenheit"
"em_dt_gruessen_hell.mpg";"der Rentner grüßt die Marktfrau im Vorübergehen"
"em_dt_haendegebunden_hell.mpg";"den Beamten sind die Hände gebunden"
"em_dt_handschuetteln_hell.mpg";"der Kanzler reicht dem Präsidenten die Hand"
"em_dt_herwinken_hell.mpg";"die Kindergärtnerin winkt die Kinder zu sich her"
"em_dt_hochnaesig_hell.mpg";"die Gräfin ist eine hochnäsige Person"
"em_dt_lauter_hell.mpg";"der Dirigent lässt die Musiker lauter spielen"
"em_dt_melden_hell.mpg";"die Schülerin meldet sich eifrig"
"em_dt_nichtwissen_hell.mpg";"der Junge weiß die richtige Antwort nicht"
"em_dt_peace-extra_hell.mpg";"die studenten demonstrieren für den Frieden"
"em_dt_peace_hell.mpg";"der Pazifist kämpft für den Frieden"
"em_dt_pimaldaumen_hell.mpg";"die Architektin schätzt das Alter des Hauses"
"em_dt_pistole_hell.mpg";"der Ganove schießt auf seinen Verfolger"
"em_dt_salutieren_hell.mpg";"der Soldat salutiert dem Staatsbesuch"
"em_dt_schadenfreude_hell.mpg";"der Bengel zeigt seine Schadenfreude"
"em_dt_schlechthoeren_hell.mpg";"die Oma versteht den jungen sehr schlecht"
"em_dt_schulterzucken_hell.mpg";"die Tante kann dem Fremden leider nicht helfen"
"em_dt_schwoeren_hell.mpg";"der Angeklagte schwört die Wahrheit zu sagen"
"em_dt_setzen_hell.mpg";"die Schüler dürfen sich widersetzen"
"em_dt_stinkefinger_hell.mpg";"der Fußballer beschimpft den Schiedsrichter"
"em_dt_stolzhaenderingen_hell.mpg";"der Rennfahrer ist stolz auf seinen Sieg"
"em_dt_strike_hell.mpg";"der Sportler freut sich über sein Erfolg"
"em_dt_telefonieren_hell.mpg";"die beiden Freundinnen telefonieren miteinander"
"em_dt_timeout_hell.mpg";"der Basketball Trainer verlangt ein Abpfiff"
"em_dt_trampen_hell.mpg";"die Studentin trampt an der Autobahn"
"em_dt_tratschen_hell.mpg";"die Nachbarinnen tratschen über ihre Männer"
"em_dt_trinken_hell.mpg";"die Besucherin bittet um etwas zu trinken"
"em_dt_uhrzeit_hell_bsp.mpg";"die Senioren erkundigt sich nach der Uhrzeit"
"em_dt_verrueckt_hell.mpg";"die Autofahrerin ist nicht ganz richtig im Kopf"
"em_dt_verschwiegenheit-extra_hell.mpg";"der Komplize darf das Versteck nicht preisgeben"
"em_dt_verschwiegenheit_hell.mpg";"die Freundin darf das Geheimnis nicht preisgeben"
"em_dt_victory_hell.mpg";"der Boxer geht als Sieger aus dem Kampf hervor"
"em_dt_vogelzeigen_hell.mpg";"der Autofahrer bezeichnet den anderen als Idioten"
"em_dt_wegschicken-extra_hell.mpg";"die Professorin schickt ihre Studenten weg"
"em_dt_wegschicken_hell.mpg";"die Königin schickt ihren Diener weg"
"em_dt_winken_hell.mpg";"die Kinder verabschieden ihre Großmutter"
"fe_dt_abwehren-extra_hell.mpg";"die Urlauberin wehrt die Verkäufer ab"
"fe_dt_alktrinken_hell.mpg";"die Jugendlichen trinken gerne Alkohol"
"fe_dt_anruferbeten_hell.mpg";"das Mädchen bittet die Freundin um einen Anruf"
"fe_dt_applaus-extra_hell.mpg";"der Jurist hat seinen Samen mit Bravour bestanden"
"fe_dt_applaus_hell.mpg";"der Schüler hat seine Prüfung mit Bravour bestanden"
"fe_dt_auffordern_hell.mpg";"die Moderatorin fordert den Herrn auf zu beginnen"
"fe_dt_aufstehen_hell.mpg";"der Lehrer lässt die Schüler zur Begrüßung aufstehen"
"fe_dt_beruhigen_hell.mpg";"die Lehrerin fordert die Schüler zur Ruhe auf"
"fe_dt_brettvorkopf-extra_hell.mpg";"der Jugendliche erkennt endlich die Situation"
"fe_dt_brettvorkopf_hell.mpg";"das Geburtstagskind erkennt endlich sein Geschenk"
"fe_dt_daeumchendrehen_hell.mpg";"die ZuhörerInnen langweilt sich sehr"
"fe_dt_daumendrauf_hell.mpg";"die Eltern haben auf der Kindererziehung den Daumen drauf"
"fe_dt_daumendruecken_hell.mpg";"die Schwester wünscht ihrer Freundin viel Glück"
"fe_dt_daumenhoch_hell.mpg";"der Fahrer signalisiert dass alles in Ordnung ist"
"fe_dt_daumenlob_hell.mpg";"der Trainer lobt das Abschneiden seines Teams"
"fe_dt_daumenrunter_hell.mpg";"die Schauspielerin hat nicht gut gespielt"
"fe_dt_desinteresse_hell.mpg";"die Meinung der Mutter interessiert die Tochter nicht"
"fe_dt_drohen-extra_hell.mpg";"der Vorstand droht der Abteilung Sanktionen an"
"fe_dt_drohen_hell.mpg";"der Politiker droht dem Gegner Sanktionen an"
"fe_dt_egalnachlaessigkeit_hell.mpg";"dem Jungen ist seine Nachlässigkeit egal"
"fe_dt_ermahnen_hell.mpg";"der Bischof ermahnt die Gläubigen"
"fe_dt_gefaehrlich_hell.mpg";"die Chefin findet das Vorhaben gefährlich"
"fe_dt_gelassenheit_hell.mpg";"der Vorgesetzte mahnt zu mehr Gelassenheit"
"fe_dt_gruessen_hell.mpg";"der Rentner grüßt die Marktfrau im Vorübergehen"
"fe_dt_haendegebunden_hell.mpg";"den Beamten sind die Hände gebunden"
"fe_dt_handschuetteln_hell.mpg";"der Kanzler reicht dem Präsidenten die Hand"
"fe_dt_herwinken_hell.mpg";"die Kindergärtnerin winkt die Kinder zu sich her"
"fe_dt_hochnaesig_hell.mpg";"die Gräfin ist eine hochnäsige Person"
"fe_dt_lauter_hell.mpg";"der Dirigent lässt die Musiker lauter spielen"
"fe_dt_melden_hell.mpg";"die Schülerin meldet sich eifrig"
"fe_dt_nichtwissen_hell.mpg";"der Junge weiß die richtige Antwort nicht"
"fe_dt_peace-extra_hell.mpg";"die studenten demonstrieren für den Frieden"
"fe_dt_peace_hell.mpg";"der Pazifist kämpft für den Frieden"
"fe_dt_pimaldaumen_hell.mpg";"die Architektin schätzt das Alter des Hauses"
"fe_dt_pistole_hell.mpg";"der Ganove schießt auf seine Verfolger"
"fe_dt_salutieren_hell.mpg";"der Soldat salutiert dem Staatsbesuch"
"fe_dt_schadenfreude_hell.mpg";"der Bengel zeigt seine Schadenfreude"
"fe_dt_schlechthoeren_hell.mpg";"die Oma versteht den jungen sehr schlecht"
"fe_dt_schulterzucken_hell.mpg";"die Tante kann den Fremden leider nicht helfen"
"fe_dt_schwoeren_hell.mpg";"der Angeklagte schwört die Wahrheit zu sagen"
"fe_dt_setzen_hell.mpg";"die Schüler dürfen sich widersetzen"
"fe_dt_stinkefinger_hell.mpg";"der Fußballspieler beschimpft den Schiedsrichter"
"fe_dt_stolzhaenderingen_hell.mpg";"der Rennfahrer ist stolz auf sein Sieg"
"fe_dt_strike_hell.mpg";"der Sportler freut sich über sein Erfolg"
"fe_dt_telefonieren_hell.mpg";"die beiden Freundinnen telefonieren miteinander"
"fe_dt_timeout_hell.mpg";"der Basketball Trainer verlangt einen Abpfiff"
"fe_dt_trampen_hell.mpg";"die Studentin trampt an der Autobahn"
"fe_dt_tratschen_hell.mpg";"die Nachbarinnen tratschen über ihre Männer"
"fe_dt_trinken_hell_bsp.mpg";"die Besucherin bittet um etwas zu trinken"
"fe_dt_uhrzeit_hell.mpg";"die Senioren erkundigt sich nach der Uhrzeit"
"fe_dt_verrueckt_hell.mpg";"die Autofahrerin ist nicht ganz richtig im Kopf"
"fe_dt_verschwiegenheit-extra_hell.mpg";"der Komplize darf das Versteck nicht preisgeben"
"fe_dt_verschwiegenheit_hell.mpg";"die Freundin darf das Geheimnis nicht preisgeben"
"fe_dt_victory_hell.mpg";"der Boxer geht als Sieger aus dem Kampf hervor"
"fe_dt_vogelzeigen_hell.mpg";"der Autofahrer bezeichnet den anderen als Idioten"
"fe_dt_wegschicken-extra_hell.mpg";"die Professorin schickt ihre Studenten weg"
"fe_dt_wegschicken_hell.mpg";"die Königin schickt ihren Diener weg"
"fe_dt_winken_hell.mpg";"die Kinder verabschieden ihre Großmutter"
"fi_dt_anschiebenauto_hell.mpg";"die Passanten helfen das Auto anzuschieben"
"fi_dt_ausholen-x_hell.mpg";"der Sportler holt weit aus um die Kugel zu werfen"
"fi_dt_ballrollthinunter_hell.mpg";"der Ball rollt den Abhang hinunter"
"fi_dt_buchdurchblaettern_hell.mpg";"die Studenten blättert das Buch durch"
"fi_dt_cellokorpus_hell.mpg";"das Cello hat einen geschwungenen Korpus"
"fi_dt_dachboden_hell.mpg";"die Klappe zum Dachboden muss man mit beiden Händen aufdrücken"
"fi_dt_datumnotieren_hell.mpg";"die Sekretärin notiert sich das Datum"
"fi_dt_drehtuer_hell.mpg";"das Gebäude besitzt eine Drehtür"
"fi_dt_dreieckigeslogo-x_hell.mpg";"das Gebäude hat ein dreieckiges Fenster"
"fi_dt_elefantgross_hell.mpg";"der Elefant ist ein großes Tier"
"fi_dt_fernsteuerung_hell.mpg";"der Neffe steuert sein Auto mit der Fernsteuerung"
"fi_dt_gewoelbtesdach_hell.mpg";"die Turnhalle hat ein gewölbtes Dach"
"fi_dt_grosserfisch_hell.mpg";"der Angler fängt ein großen Fisch"
"fi_dt_handtuchauswringen_hell.mpg";"die Putzfrau bringt das nasse Handtuch aus"
"fi_dt_handysleichter_hell.mpg";"die neuen Handys werden immer leichter"
"fi_dt_hauszelt_hell.mpg";"die Familie übernachtet in einem Hauszelt"
"fi_dt_heftetmagnetwand_hell_bsp.mpg";"die Sekretärin heftet alles an die Magnetwand"
"fi_dt_henkelgross_hell.mpg";"die Suppenschüssel hat einen großen Henkel"
"fi_dt_hinaufberg_hell.mpg";"die Wanderung führt auf den Berg hinauf"
"fi_dt_hochhebenmedball_hell.mpg";"der Sportlehrer hebt einen Medizinball hoch"
"fi_dt_huegeliglandschaft_hell.mpg";"die Landschaft hier ist eher hügelig"
"fi_dt_kabeldiagonal-x_hell.mpg";"der Riss verläuft diagonal über die Fensterscheibe"
"fi_dt_kindbisabgrund_hell.mpg";"das Kind rennt bis zum Abgrund"
"fi_dt_kreisenflugzeug_hell.mpg";"das Flugzeug kreist über der Landebahn"
"fi_dt_kreisfoermigerspot_hell.mpg";"der Scheinwerfer wirft einen kreisförmigen Spot auf den Boden"
"fi_dt_krummerbuckel_hell.mpg";"die Großmutter hat einen krummen Buckel"
"fi_dt_kuesterlaeutet_hell.mpg";"der Küster läutet die Glocke"
"fi_dt_kurbelndrehorgel_hell.mpg";"die schaustellerin kurbelt an der Drehorgel"
"fi_dt_mixencocktail_hell.mpg";"der Barkeeper mixt ein Cocktail"
"fi_dt_nachbarindick_hell.mpg";"die Nachbarin ist eine sehr dicke Frau"
"fi_dt_oeffnenkeksdose_hell.mpg";"die Schwester öffnet die Keksdose"
"fi_dt_pforteabsperren-x_hell.mpg";"der Chef sperrt das Büro ab"
"fi_dt_rundesgefaess-x_hell.mpg";"die Edelsteine sind in einer runden Schachtel"
"fi_dt_rundesgefaess_hell.mpg";"die Kartoffeln sind in einem runden Gefäß"
"fi_dt_saltosprungbrett-x_hell.mpg";"die Turnerin macht einen Salto vom Kasten"
"fi_dt_schafabseits_hell.mpg";"das schwarze Schaf steht abseits der Herde"
"fi_dt_schalten5tengang_hell.mpg";"der Fahrer schaltet in den fünften Gang"
"fi_dt_schiebedachaufziehen_hell.mpg";"das Schiebedach kann man nach hinten aufziehen"
"fi_dt_schlagengong_hell.mpg";"der Buddhist schlägt auf den Gong"
"fi_dt_schlangenlinien_hell.mpg";"der Fahrradfahrer fährt Schlangenlinien"
"fi_dt_schleudernfrisbee_hell.mpg";"der Jugendliche schleudert die Frisbeescheibe weg"
"fi_dt_schleudernwaesche_hell.mpg";"die Wäsche wird in der Waschmaschine geschleudert"
"fi_dt_schliessentueren_hell.mpg";"das Zimmermädchen schließt die Türen"
"fi_dt_schmalerschlitz_hell.mpg";"der Briefkasten hat einen schmalen Schlitz"
"fi_dt_schmalersteg_hell.mpg";"der Steg über den Bach ist schmal"
"fi_dt_schneidenzwiebeln_hell.mpg";"die Köchin schneidet die Zwiebeln in Würfel"
"fi_dt_schraubefliegen_hell.mpg";"der Kunst Pilot fliegt eine Schraube"
"fi_dt_schraubenleiste_hell.mpg";"der Mechaniker schraubt die Leiste fest"
"fi_dt_schwimmensee_hell.mpg";"der Urlauber schwimmt durch den See"
"fi_dt_schwingentaktstock_hell.mpg";"der Dirigent schwingt den Taktstock"
"fi_dt_schwungrock_hell.mpg";"das Kleid hat einen geschwungenen Rock"
"fi_dt_segelnzuboden_hell.mpg";"das Blatt segelt im Wind zu Boden"
"fi_dt_servierenkaffee_hell.mpg";"die Kellnerin serviert ein Kaffee"
"fi_dt_spieluhraufziehen_hell.mpg";"die große Schwester zieht die Spieluhr auf"
"fi_dt_spritze_hell.mpg";"die Patientin bekommt eine Spritze in den Arm"
"fi_dt_strudelabfluss_hell.mpg";"das Badewasser bildet einen Strudel über dem Abfluss"
"fi_dt_teilenportionen_hell.mpg";"die Küchenhilfe teils den Nachtisch in 2 Portionen"
"fi_dt_trainerwaehltspieleraus_hell.mpg";"der Trainer wählt die Spieler aus"
"fi_dt_ueberschlagenwagen_hell.mpg";"der Wagen überschlägt sich auf der Straße"
"fi_dt_umschaltenfernbed_hell.mpg";"der Sohn schaltet das Programm mit der Fernbedienung um"
"fi_dt_wasserpistolen-x_hell.mpg";"die Jugendlichen spielen mit Spielzeugpistolen"
"fi_dt_wasserpistolen_hell.mpg";"die Jungen spielen mit Wasserpistolen"
"fi_dt_wendeltreppe_hell.mpg";"die Treppe nach oben ist eine Wendeltreppe"
"fi_dt_wiegengewicht_hell.mpg";"die Kundin prüft welche Frucht schwerer ist"
"fi_dt_zackensaegeblatt_hell.mpg";"das Sägeblatt der Kreissäge hat große Zacken"
"fi_dt_zahnraeder_hell.mpg";"die Zahnräder greifen ineinander"
"fi_dt_zeigenbrosche_hell.mpg";"der Goldschmied zeigt sein Groschen Sortiment"
"fi_dt_zerdrueckenschrott_hell.mpg";"das Auto wird in der Schrottpresse zerdrückt"
"fi_dt_zusammenkleben_hell.mpg";"die Kindergärtnerin klebt zwei Schachteln zusammen"
"fi_dt_zusammenschieben_hell.mpg";"der Musiker schiebt das Akkordeon zusammen"
"fm_dt_abwaegenargumente_hell.mpg";"der Anwalt wägt die Argumente gegeneinander ab"
"fm_dt_anknuepfen_hell.mpg";"der Vortrag knüpft an die Thematik an"
"fm_dt_annaeherungdebatte_hell.mpg";"die Debatte führt zu einer Annäherung"
"fm_dt_anpassen-x_hell.mpg";"die Urlauber müssen sich der Landeskultur anpassen"
"fm_dt_aufbauenkurse_hell.mpg";"die Fortbildung baut auf die vorherigen Kurse auf"
"fm_dt_auseinanderdriften_hell.mpg";"die Einstellungen driften auseinander"
"fm_dt_ausholenweit_hell.mpg";"der Politiker muss in seiner Rede weit ausholen"
"fm_dt_aussendensignal_hell.mpg";"der Funkturm sendet das Signal aus"
"fm_dt_autorvision_hell.mpg";"der Autor hat eine Vision der Hauptrolle"
"fm_dt_befehlvonoben_hell_bsp.mpg";"der Befehl kommt von ganz oben"
"fm_dt_beginntallmaehlich_hell.mpg";"das Problem beginnt allmählich kompliziert zu werden"
"fm_dt_begrenztressourcen_hell.mpg";"die Ressourcen sind leider sehr begrenzt"
"fm_dt_besseralsdieandere_hell.mpg";"die eine Veranstaltung ist besser als die andere"
"fm_dt_bestaetigtgesamtkonzept_hell.mpg";"die Forschung bestätigt das Gesamtkonzept"
"fm_dt_breitesfeldumfassen_hell.mpg";"die Thematik umfasst ein sehr breites Feld"
"fm_dt_chefkonsequenthandeln_hell.mpg";"der Firmenchef will ganz konsequent handeln"
"fm_dt_dazwischenirgendwo_hell.mpg";"die Erklärung muss irgendwo dazwischen liegen"
"fm_dt_demonstrantenrandgruppe_hell.mpg";"die Demonstranten gehören zu einer Randgruppe"
"fm_dt_dialogkonfrontation_hell.mpg";"der Dialog führt zur Konfrontation"
"fm_dt_dieeinedieandere_hell.mpg";"das Einkaufen ist die eine Sache das Kochen die andere"
"fm_dt_distanzierenvoneinander_hell.mpg";"die Parteien distanzieren sich voneinander"
"fm_dt_drueckenstimmung_hell.mpg";"das schlechte Wetter drückt auf die Stimmung"
"fm_dt_durchdrehenangeklagte_hell.mpg";"der Angeklagte ist kurz vorm durchdrehen"
"fm_dt_durchgehenvortrag_hell.mpg";"der Professor geht den Vortrag noch mal im Stillen durch"
"fm_dt_eingeengtfuehlen_hell.mpg";"die Malerin fühlt sich in ihrer Arbeit eingeengt"
"fm_dt_einleitunghauptteilgetrennt_hell.mpg";"die Einleitung ist vom Hauptteil getrennt"
"fm_dt_engdefiniert_hell.mpg";"der Begriff ist sehr eng definiert"
"fm_dt_entscheidenzwischen_hell.mpg";"das Mädchen kann sich nicht zwischen den Kursen entscheiden"
"fm_dt_erweiternhilfeplan_hell.mpg";"der Hilfeplan soll erweitert werden"
"fm_dt_ganzleerfussballfeld_hell.mpg";"das Fußballfeld ist wieder ganz leer"
"fm_dt_ganzschoenstrapaziert-x_hell.mpg";"das Wohlwollen des Chefs ist ganz schön strapaziert"
"fm_dt_gemeinschaftbilden_hell.mpg";"die Schüler bilden eine Gemeinschaft"
"fm_dt_handlungverwoben_hell.mpg";"die Handlungsstränge sind ineinander verwoben"
"fm_dt_hypothesenverwerfen-x_hell.mpg";"der junge Mann verwirft sein Vorhaben"
"fm_dt_ideennichtgebrauchen_hell.mpg";"die Ideen sind leider nicht zu gebrauchen"
"fm_dt_immerwiedervonvorne_hell.mpg";"die Diskussion fängt immer wieder von vorne an"
"fm_dt_indieserartdurchfuehren_hell.mpg";"der Künstler möchte seine Ideen in dieser Art umsetzen"
"fm_dt_komprimiertegeschichte_hell.mpg";"die Erzählung ist eine komprimierte Geschichte"
"fm_dt_maedchenjungsvoraus_hell.mpg";"die Mädchen sind den Jungen immer etwas voraus"
"fm_dt_nebeneinander_hell.mpg";"die verschiedenen Meinungen existieren nebeneinander"
"fm_dt_nichtvieldazu_hell.mpg";"der Zeuge hat eigentlich nicht viel dazu zu sagen"
"fm_dt_niveauanders_hell.mpg";"die Mieten bewegen sich auf einem anderen Niveau"
"fm_dt_onkelsteigtauf_hell.mpg";"der Onkel steigt in der Firma stetig auf"
"fm_dt_produktkleinezielgruppe_hell.mpg";"das Produkt ist für eine sehr kleine Zielgruppe gedacht"
"fm_dt_rechnerkompatibel_hell.mpg";"die Rechner sind kompatibel zueinander"
"fm_dt_richtungsweisendeerfolge-x_hell.mpg";"die Forschung hat richtungsweisende Fortschritte gemacht"
"fm_dt_schlussstrich_hell.mpg";"der Jugendliche zieht einen Schlussstrich"
"fm_dt_schnellentscheiden_hell.mpg";"die Helden ist bereit sich schnell zu entscheiden"
"fm_dt_schrittfuerschritt_hell.mpg";"die Aufgabe muss Schritt für Schritt erklärt werden"
"fm_dt_schrumpfen_hell.mpg";"das Einkommen schrumpft seit Jahren"
"fm_dt_schrupfen_hell.mpg";"das Einkommen schrumpft seit Jahren"
"fm_dt_schwammig_hell.mpg";"die Aussage des Zeugen ist sehr schwammig"
"fm_dt_sprunghaft-x_hell.mpg";"der Dichter hat sehr sprunghafte Gedankengänge"
"fm_dt_standpunktklarmachen_hell.mpg";"der Referent macht seinen Standpunkt klar"
"fm_dt_stimmungschaukelthoch_hell.mpg";"die Stimmung schaukelt sich allmählich hoch"
"fm_dt_straeubtsich_hell.mpg";"die Vermieterin sträubt sich gegen den neuen Mieter"
"fm_dt_stuermisch_hell.mpg";"der Knabe hat ein stürmisches Gemüt"
"fm_dt_tierfilmreihe_hell.mpg";"der Sohn sieht einen Beitrag aus der Tierfilm Reihe"
"fm_dt_ueberbieten-x_hell.mpg";"die Pokerspieler überbieten sich gegenseitig"
"fm_dt_ueberbieten_hell.mpg";"die Aktionäre überbieten sich immer wieder"
"fm_dt_untergeordnet-x_hell.mpg";"das Rudel ist dem Leitwolf untergeordnet"
"fm_dt_unterteilt_hell.mpg";"die Vorstellung ist durch Pausen unterteilt"
"fm_dt_variirenvonzu_hell.mpg";"die Zubereitung des Essens variiert von Koch zu Koch"
"fm_dt_vereinzelt_hell.mpg";"die Symptome finden sich nur vereinzelt wieder"
"fm_dt_verinnerlichen-x_hell.mpg";"der Student verinnerlicht das komplizierte Thema"
"fm_dt_verinnerlichen_hell.mpg";"der Anfänger verinnerlicht die gelernten Regeln"
"fm_dt_verschiedenegesinnungen_hell.mpg";"die verschiedenen Gesinnungen sind im ganzen Land vertreten"
"fm_dt_wechselhaftbefinden_hell.mpg";"das Befinden ist sehr wechselhaft"
"fm_dt_weitergeben_hell.mpg";"der Teamleiter gibt das Lob an seine Kollegen weiter"
"fm_dt_widerspruecheverstrickt_hell.mpg";"der Täter verstrickt sich in Widersprüche"
"fm_dt_worterteilen-x_hell.mpg";"der Lehrer erteilt dem Schüler das Wort"
"fm_dt_worterteilen_hell.mpg";"der Moderator erteilt den Politiker das Wort"
"fm_dt_zitterndestimme_hell.mpg";"das Opfer spricht mit zitternder Stimme"
"fm_dt_zunehmenanforderungen-x_hell.mpg";"die Ansprüche der Kinder nehmen langsam zu"
"fm_dt_zunehmenanforderungen_hell.mpg";"die Anforderungen an die Lehrlinge nehmen zu"
"fm_dt_zusammenenger_hell.mpg";"die Behörden sollen enger zusammenarbeiten"
"fm_dt_zweiseiten_hell.mpg";"die Lösung hat leider auch zwei Seiten"
"ft_dt_angestellteheftet_hell.mpg";"die Angestellte heftet die Rechnungen zusammen"
"ft_dt_arztzieht_hell.mpg";"der Arzt zieht den Splitter mit einer Pinzette raus"
"ft_dt_astronombeobachtet_hell.mpg";"der Astronom beobachtet die Sterne"
"ft_dt_baeuerindreht_hell.mpg";"die Bäuerin dreht den Pfannkuchen um"
"ft_dt_bardameentkorkt_hell.mpg";"die Bardame entkorkt die Weinflasche"
"ft_dt_bauarbeiterschaufelt_hell.mpg";"der Bauarbeiter schaufelt den Dreck weg"
"ft_dt_bauersaegt_hell.mpg";"der Bauer sägt den Baumstamm ab"
"ft_dt_bedienungschoepft_hell.mpg";"die Bedienung schöpft Suppe in den Teller"
"ft_dt_bodenlegerschneidet_hell.mpg";"der Bodenleger schneidet den Teppich ab"
"ft_dt_bogenschuetzespannt_hell.mpg";"der Bogenschütze spannt den Bogen"
"ft_dt_damefaechelt_hell.mpg";"die Dame fächelt sich frische Luft zu"
"ft_dt_detektivbetrachtet_hell.mpg";"der Detektiv betrachtet den Fleck mit der Lupe"
"ft_dt_empfaengeroeffnet_hell.mpg";"der Empfänger öffnet das Briefkuvert"
"ft_dt_enkelkindputzt_hell.mpg";"das Enkelkind putzt sich die Zähne"
"ft_dt_feriengastrudert_hell.mpg";"der Feriengast rudert das Boot voran"
"ft_dt_floristingiesst_hell.mpg";"die Floristin gießt die Blumen"
"ft_dt_gaertnerinpumpt_hell.mpg";"die Gärtnerin pumpt Wasser in die Gießkanne"
"ft_dt_gastwirtwendet_hell.mpg";"der Gastwirt wendet das Schnitzel in der Pfanne"
"ft_dt_geigerinuebt_hell.mpg";"die Geigerin übt ein Musikstück ein"
"ft_dt_grossmuttertrinkt_hell.mpg";"die Großmutter trinkt einen Kaffee"
"ft_dt_hausfraubuegelt_hell.mpg";"die Hausfrau bügelt ein Herrenhemd"
"ft_dt_hausmeisterschneidet_hell.mpg";"der Hausmeister schneidet die Hecke"
"ft_dt_jaegerschiessthasen_hell.mpg";"der Jäger schießt auf den Hasen"
"ft_dt_jungespitzt_hell.mpg";"der Junge spitzt seinen Bleistift an"
"ft_dt_kajakfahrerinpaddelt_hell.mpg";"die Kayak Fahrerin paddelt kräftig"
"ft_dt_kellnerinoeffnet_hell.mpg";"die Kellnerin öffnet die Bierflasche"
"ft_dt_kindtrinkt_hell.mpg";"das Kind trinkt ein Glas Limonade"
"ft_dt_kochschneidet_hell.mpg";"der Koch schneidet den Schnittlauch"
"ft_dt_kuechenhilfeoeffnet_hell.mpg";"die Küchenhilfe öffnet die Mais Dose"
"ft_dt_kuechenjungehackt_hell.mpg";"der Küchenjunge hackt das Fleisch"
"ft_dt_kuechenmaedchenraspelt_hell.mpg";"das Küchenmädchen raspelt das Gemüse"
"ft_dt_kuenstlerinmalt_hell.mpg";"die Künstlerin malt ein Aquarell"
"ft_dt_maedchenfeilt_hell.mpg";"das Mädchen feilt sich die Fingernägel"
"ft_dt_malerstreicht_hell.mpg";"der Maler streicht die Wände an"
"ft_dt_mechanikerpumpt_hell.mpg";"der Mechaniker pumpt das Fahrrad auf"
"ft_dt_metzgerfleischwolf_hell.mpg";"der Metzger dreht das Fleisch durch den Fleischwolf"
"ft_dt_mutterabtropfen_hell.mpg";"die Mutter lässt den Salat abtropfen"
"ft_dt_nachbarinklopft_hell.mpg";"die Nachbarin klopft den Teppich aus"
"ft_dt_nichtegiesst_hell.mpg";"die Nichte gießt Milch in das Glas"
"ft_dt_obertraegt_hell_bsp.mpg";"der Opa trägt die Getränke herbei"
"ft_dt_omastrickt_hell.mpg";"die Oma strickt fleißig einen Pullover"
"ft_dt_postbeamtinstempelt_hell.mpg";"die Postbeamten stempelt die Briefmarken ab"
"ft_dt_prinzessinbuerstet_hell.mpg";"die Prinzessin bürstet sich die Haare"
"ft_dt_putzfraukehrt_hell.mpg";"die Putzfrau kehrt das Treppenhaus"
"ft_dt_raucherzeundet_hell.mpg";"der Raucher zündet sich eine Zigarette an"
"ft_dt_raucherzuendet_hell.mpg";"der Raucher zündet sich eine Zigarette an"
"ft_dt_schmiedhaemmert_hell.mpg";"der Schmied hämmert auf die Metallplatte"
"ft_dt_schneiderbuerstet_hell.mpg";"der Schneider bürstet den Mantel ab"
"ft_dt_schreibkrafttippt_hell.mpg";"die Schreibkraft tippt einen Brief ab"
"ft_dt_schreinerhobelt_hell.mpg";"der Schreiner hobelt ein Brett"
"ft_dt_schuelerinradiert_hell.mpg";"die Schülerin radiert die Notizen weg"
"ft_dt_schuelerwuerfelt_hell.mpg";"der Schüler würfelt beim Brettspiel"
"ft_dt_skifahrerstoesst_hell.mpg";"der Skifahrer stößt sich kräftig ab"
"ft_dt_sportlerinpaddelt_hell.mpg";"die Sportlerin paddelt gegen den Strom"
"ft_dt_steinmetzschlaegt_hell.mpg";"der Steinmetz schlägt die Figur aus dem Stein"
"ft_dt_straßenarbeiterplaettet_hell.mpg";"der Straßenarbeiter plättet den Boden"
"ft_dt_studentinverquirlt_hell.mpg";"die Studentin verquirlt Eier und Milch"
"ft_dt_studentisst_hell.mpg";"der Student ist in der Mensa"
"ft_dt_tanteschneidet_hell.mpg";"die Tante schneidet eine Scheibe Brot ab"
"ft_dt_tischlerschleift_hell.mpg";"der Tischler schleift das Regal ab"
"ft_dt_touristinfoto_hell.mpg";"die Touristen macht ein Foto von der Kirche"
"ft_dt_vaterrasiert_hell.mpg";"der Vater rasiert sich am Morgen"
"ft_dt_verbrecherfeilt_hell.mpg";"der Verbrecher fallt das Gitter durch"
"ft_dt_verkaeuferindreht_hell.mpg";"die Verkäuferin dreht die Bratwürstchen um"
"ft_dt_waldarbeiterhackt_hell.mpg";"der Waldarbeiter hakt Brennholz"
"ft_dt_zimmermannhaut_hell.mpg";"der Zimmermann Haut den Nagel in die Wand"
"ft_dt_zoellnerbeobachtet_hell.mpg";"der Zöllner beobachtet die LKWs am Horizont"
"ik_dt_achterbahnlooping_s_bsp.mpg";"die Achterbahn macht einen Looping"
"ik_dt_anhebengabelstapler.mpg";"der Gabelstapler hebt die Palette an"
"ik_dt_anhebengabelstapler_s.mpg";"der Gabelstapler hebt die Palette an"
"ik_dt_anschiebenauto_hell.mpg";"die Passanten helfen das Auto anzuschieben"
"ik_dt_ausholen-x_hell.mpg";"der Sportler holt weit aus um die Kugel zu werfen"
"ik_dt_autoriesenhalle.mpg";"das Auto steht in einer riesigen Halle"
"ik_dt_autoriesenhalle_s.mpg";"das Auto steht in einer riesigen Halle"
"ik_dt_ballrollthinunter_hell.mpg";"der Ball rollt den Abhang hinunter"
"ik_dt_buchdurchblaettern_hell.mpg";"die Studenten blättert das Buch durch"
"ik_dt_cellocorpus_hell.mpg";"das Cello hat einen geschwungenen Korpus"
"ik_dt_dachboden_hell.mpg";"die Klappe zum Dachboden muss man mit beiden Händen aufdrücken"
"ik_dt_datumnotieren_hell.mpg";"die Sekretärin notiert sich das Datum"
"ik_dt_drehtuer_hell.mpg";"das Gebäude besitzt eine Drehtür"
"ik_dt_dreieckigeslogo-x_hell.mpg";"das Gebäude hat ein dreieckiges Fenster"
"ik_dt_dreieckigeslogo.mpg";"die Firma hat ein dreieckiges Logo"
"ik_dt_dreieckigeslogo_s.mpg";"die Firma hat ein dreieckiges Logo"
"ik_dt_dribbelnbasketball_s.mpg";"der Basketballspieler dribbelt auf der Stelle"
"ik_dt_eckigetischdecke.mpg";"der Holztisch braucht eine eckige Tischdecke"
"ik_dt_eckigetischdecke_s.mpg";"der Holztisch braucht eine eckige Tischdecke"
"ik_dt_eintippenpasswort_hell_bsp.mpg";"die Kunden tippt Ihr Passwort am Automaten ein"
"ik_dt_elefantgross_hell.mpg";"der Elefant ist ein großes Tier"
"ik_dt_fernsteuerung_hell.mpg";"der Neffe steuert sein Modellauto mit der Fernsteuerung"
"ik_dt_formenschneeball.mpg";"der Skifahrer formt ein Schneeball"
"ik_dt_formenschneeball_s.mpg";"der Skifahrer formt ein Schneeball"
"ik_dt_gewoelbtesdach_hell.mpg";"die Turnhalle hat ein gewölbtes Dach"
"ik_dt_grosserfisch_hell.mpg";"der Angler fängt einen großen Fisch"
"ik_dt_grosserwintergarten.mpg";"das Anwesen hat einen sehr großen Wintergarten"
"ik_dt_grosserwintergarten_s.mpg";"das Anwesen hat einen sehr großen Wintergarten"
"ik_dt_handtuchauswringen_hell.mpg";"die Putzfrau wringt das nasse Handtuch aus"
"ik_dt_handysleichter_hell.mpg";"die neuen Handys werden immer leichter"
"ik_dt_hausfrauputzt_bsp.mpg";"die Hausfrau putzt die Fensterscheibe"
"ik_dt_hauszelt_hell.mpg";"die Familie übernachtet in einem Hauszelt"
"ik_dt_henkelgross_hell.mpg";"die Suppenschüssel hat einen großen Henkel"
"ik_dt_hinaufberg_hell.mpg";"die Wanderung führt auf den Berg hinauf"
"ik_dt_hochhebenmedball_hell.mpg";"der Sportlehrer hebt einen Medizinball hoch"
"ik_dt_huegeliglandschaft_hell.mpg";"die Landschaft hier ist eher hügelig"
"ik_dt_kabeldiagonal-x_hell.mpg";"der Riss verläuft diagonal über die Fensterscheibe"
"ik_dt_kindbisabgrund_hell.mpg";"das Kind rennt bis zum Abgrund"
"ik_dt_kreisenflugzeug_hell.mpg";"das Flugzeug kreist über der Landebahn"
"ik_dt_kreisfoermigerspot_hell.mpg";"der Scheinwerfer wirft einen kreisförmigen Spot auf den Boden"
"ik_dt_krummerbuckel_hell.mpg";"die Großmutter hat einen krummen Buckel"
"ik_dt_kuesterlaeutet_hell.mpg";"der Küster läutet die Glocke"
"ik_dt_kurbelndrehorgel_hell.mpg";"die schaustellerin kurbelt an der Drehorgel"
"ik_dt_langgestrecktgarten.mpg";"das Haus hat einen langgestreckten Garten"
"ik_dt_langgestrecktgarten_s.mpg";"das Haus hat einen langgestreckten Garten"
"ik_dt_legosteinepassen.mpg";"die Legosteine passen genau zueinander"
"ik_dt_legosteinepassen_s.mpg";"die Legosteine passen genau zueinander"
"ik_dt_metallstangeverbiege.mpg";"der Athlet verbiegt die Metallstange mit der Hand"
"ik_dt_metallstangeverbiege_s.mpg";"der Athlet verbiegt die Metallstange mit der Hand"
"ik_dt_mixencocktail_hell.mpg";"der Barkeeper mixt ein Cocktail"
"ik_dt_mutterjackezu.mpg";"die Mutter macht dem Kind die Jacke zu"
"ik_dt_mutterjackezu_s.mpg";"die Mutter macht dem Kind die Jacke zu"
"ik_dt_nachbarindick_hell.mpg";"die Nachbarin ist eine sehr dicke Frau"
"ik_dt_oeffnenkeksdose_hell.mpg";"die Schwester öffnet die Keksdose"
"ik_dt_pforteabsperren-x_hell.mpg";"der Chef sperrt das Büro ab"
"ik_dt_quadratmosaik.mpg";"die Wandfliesen bilden ein quadratisches Mosaik"
"ik_dt_quadratmosaik_s.mpg";"die Wandfliesen bilden ein quadratisches Mosaik"
"ik_dt_regalbreit.mpg";"das Regal ist ungefähr 1 Meter breit"
"ik_dt_regalbreit_s.mpg";"das Regal ist ungefähr 1 Meter breit"
"ik_dt_rundeschale.mpg";"das Obst liegt in einer runden Schale"
"ik_dt_rundeschale_s.mpg";"das Obst liegt in einer runden Schale"
"ik_dt_rundesgefaess-x_hell.mpg";"die Edelsteine sind in einer runden Schachtel"
"ik_dt_rundesgefaess_hell.mpg";"die Kartoffeln sind in einem runden Gefäß"
"ik_dt_saltosprungbrett-x_hell.mpg";"die Turnerin macht einen Salto vom Kasten"
"ik_dt_schafabseits_hell.mpg";"das schwarze Schaf steht abseits der Herde"
"ik_dt_schalten5tengang_hell.mpg";"der Fahrer schaltet in den fünften Gang"
"ik_dt_schiebedachaufziehen_hell.mpg";"das Schiebedach kann man nach hinten aufziehen"
"ik_dt_schiebenpuzzleteile.mpg";"das Kindergartenkind schiebt die Puzzleteile vom Tisch"
"ik_dt_schiebenpuzzleteile_s.mpg";"das Kindergartenkind schiebt die Puzzleteile vom Tisch"
"ik_dt_schlagengong_hell.mpg";"der Buddhist schlägt auf den Gong"
"ik_dt_schlangenlinien_hell.mpg";"der Fahrradfahrer fährt Schlangenlinien"
"ik_dt_schleudernfrisbee_hell.mpg";"der Jugendliche schleudert die Frisbeescheibe weg"
"ik_dt_schleudernwaesche_hell.mpg";"die Wäsche wird in der Waschmaschine geschleudert"
"ik_dt_schleudertspeer.mpg";"die Athletin schleudert ihren Speer weg"
"ik_dt_schliessentueren_hell.mpg";"das Zimmermädchen schließt die Türen"
"ik_dt_schmalerschlitz_hell.mpg";"der Briefkasten hat einen schmalen Schlitz"
"ik_dt_schmalersteg_hell.mpg";"der Steg über den Bach ist schmal"
"ik_dt_schneidenzwiebeln_hell.mpg";"die Köchin schneidet die Zwiebel in Würfel"
"ik_dt_schneiderinreisststoff.mpg";"die Schneiderin reißt den Stoff auseinander"
"ik_dt_schneiderinreisststoff_s.mpg";"die Schneiderin reißt den Stoff auseinander"
"ik_dt_schraubefliegen_hell.mpg";"der Kunst Pilot fliegt eine Schraube"
"ik_dt_schraubenleiste_hell.mpg";"der Mechaniker schraubt die Leiste fest"
"ik_dt_schwimmensee_hell.mpg";"der Urlauber schwimmt durch den See"
"ik_dt_schwingentaktstock_hell.mpg";"der Dirigent schwingt den Taktstock"
"ik_dt_schwungrock_hell.mpg";"das Kleid hat einen geschwungenen Rock"
"ik_dt_segelnzuboden_hell.mpg";"das Blatt segelt im Wind zu Boden"
"ik_dt_senkrechtcds.mpg";"die CDs stehen senkrecht in der Kiste"
"ik_dt_senkrechtcds_s.mpg";"die CDs stehen senkrecht in der Kiste"
"ik_dt_servierenkaffee_hell.mpg";"die Kellnerin serviert einen Kaffee"
"ik_dt_spieluhraufziehen_hell.mpg";"die große Schwester zieht die Spieluhr auf"
"ik_dt_spitzergiebel.mpg";"das Gymnasium hat einen spitzen Giebel"
"ik_dt_spitzergiebel_s.mpg";"das Gymnasium hat einen spitzen Giebel"
"ik_dt_spritze_hell.mpg";"die Patientin bekommt eine Spritze in den Arm"
"ik_dt_stemmenhantel.mpg";"der Athlet stemmt die Hantel in die Luft"
"ik_dt_stemmthantel_s.mpg";"der Athlet stemmt die Hantel in die Luft"
"ik_dt_strudelabfluss_hell.mpg";"das Badewasser bildet einen Strudel über dem Abfluss"
"ik_dt_teilenportionen_hell.mpg";"die Küchenhilfe teilt den Nachtisch in zwei Portionen"
"ik_dt_trainerwaehltspieleraus_hell.mpg";"der Trainer wählt die Spieler aus"
"ik_dt_tunkenteebeutel.mpg";"die Oma tunkt den Teebeutel in die Tasse"
"ik_dt_tunktteebeutel_s.mpg";"die Oma tunkt den Teebeutel in die Tasse"
"ik_dt_ueberschlagenwagen_hell.mpg";"der Wagen überschlägt sich auf der Straße"
"ik_dt_umschaltenfernbed_hell.mpg";"der Sohn schaltet das Programm mit der Fernbedienung um"
"ik_dt_unterbrueckedurch.mpg";"die Straße führt unter der Brücke hindurch"
"ik_dt_unterbrueckedurch_s.mpg";"die Straße führt unter der Brücke hindurch"
"ik_dt_vaseformen.mpg";"die Tante formt eine Vase im Töpferkurs"
"ik_dt_vaseformen_s.mpg";"die Tante formt eine Vase im Töpferkurs"
"ik_dt_wasserpistolen-x_hell.mpg";"die Jugendlichen spielen mit Spielzeugpistolen"
"ik_dt_wasserpistolen_hell.mpg";"die Jungen spielen mit Wasserpistolen"
"ik_dt_weiterozean.mpg";"der Seemann blickt über den weiten Ozean"
"ik_dt_weiterozean_s.mpg";"der Seemann blickt über den weiten Ozean"
"ik_dt_wendeltreppe_hell.mpg";"die Treppe nach oben ist eine Wendeltreppe"
"ik_dt_wiegengewicht_hell.mpg";"die Kundin prüft welche Frucht schwerer ist"
"ik_dt_zackensaegeblatt_hell.mpg";"das Sägeblatt der Kreissäge hat große Zacken"
"ik_dt_zahnraeder_hell.mpg";"die Zahnräder greifen ineinander"
"ik_dt_zeigenbrosche_hell.mpg";"der Goldschmied zeigt eine Brosche aus seinem Sortiment"
"ik_dt_zeitunglesen.mpg";"der Vater liest morgens die Tageszeitung"
"ik_dt_zeitunglesen_s.mpg";"der Vater liest morgens die Tageszeitung"
"ik_dt_zerdrueckenschrott_hell.mpg";"das Auto wird in der Schrottpresse zerdrückt"
"ik_dt_zusammenkleben_hell.mpg";"die Kindergärtnerin klebt zwei Schachteln zusammen"
"ik_dt_zusammenschieben_hell.mpg";"der Musiker schiebt das Akkordeon zusammen"
"ik_dt_zuziehenvorhaenge.mpg";"die Mutter zieht die Vorhänge zu"
"ik_dt_zuziehenvorhaenge_s.mpg";"die Mutter zieht die Vorhänge zu"
"mp_dt_abwaegenargumente_hell.mpg";"der Anwalt wägt die Argumente gegeneinander ab"
"mp_dt_anknuepfen_hell.mpg";"der Vortrag knüpft an die Thematik an"
"mp_dt_annaeherungdebatte_hell.mpg";"die Debatte führt zu einer Annäherung"
"mp_dt_anpassen-x_hell.mpg";"die Urlauber müssen sich der Landeskultur anpassen"
"mp_dt_aufbauenkurse_hell.mpg";"die Fortbildung baut auf die vorherigen Kurse auf"
"mp_dt_auseinanderdriften_hell.mpg";"die Einstellungen driften auseinander"
"mp_dt_ausholenweit_hell.mpg";"der Politiker muss in seiner Rede weit ausholen"
"mp_dt_aussendensignal_hell.mpg";"der Funkturm sendet das Signal aus"
"mp_dt_autorvision_hell.mpg";"der Autor hat eine Vision der Hauptrolle"
"mp_dt_beginntallmaehlich_hell.mpg";"das Problem beginnt allmählich kompliziert zu werden"
"mp_dt_begrenztressourcen_hell.mpg";"die Ressourcen sind leider sehr begrenzt"
"mp_dt_besseralsdieandere_hell.mpg";"die eine Veranstaltung ist besser als die andere"
"mp_dt_bestaetigtgesamtkonzept_hell.mpg";"die Forschung bestätigt das Gesamtkonzept"
"mp_dt_breitesfeldumfassen_hell.mpg";"die Thematik umfasst ein sehr breites Feld"
"mp_dt_chefkonsequenthandeln_hell.mpg";"der Firmenchef will ganz konsequent handeln"
"mp_dt_dazwischenirgendwo_hell.mpg";"die Erklärung muss irgendwo dazwischen liegen"
"mp_dt_demonstrantenrandgruppe_hell.mpg";"die Demonstranten gehören zu einer Randgruppe"
"mp_dt_dialogkonfrontation_hell.mpg";"der Dialog führt zur Konfrontation"
"mp_dt_dieeinedieandere_hell.mpg";"das Einkaufen ist die eine Sache das Kochen die andere"
"mp_dt_distanzierenvoneinander_hell.mpg";"die Parteien distanzieren sich voneinander"
"mp_dt_drueckenstimmung_hell.mpg";"das schlechte Wetter drückt auf die Stimmung"
"mp_dt_durchdrehenangeklagte_hell.mpg";"der Angeklagte ist kurz vorm durchdrehen"
"mp_dt_durchgehenvortrag_hell.mpg";"der Professor geht den Vortrag noch mal im Stillen durch"
"mp_dt_eingeengtfuehlen_hell.mpg";"die Malerin fühlt sich in ihrer Arbeit eingeengt"
"mp_dt_einleitunghauptteilgetrennt_hell.mpg";"die Einleitung ist vom Hauptteil getrennt"
"mp_dt_engdefiniert_hell.mpg";"der Begriff ist eng definiert"
"mp_dt_entscheidenzwischen_hell.mpg";"das Mädchen kann sich nicht zwischen den beiden Kursen entscheiden"
"mp_dt_erweiternhilfeplan_hell.mpg";"der Hilfeplan soll erweitert werden"
"mp_dt_firmaklarehierarchie_hell_bsp.mpg";"die Firma hat eine ganz klare Hierarchie"
"mp_dt_ganzleerfussballfeld_hell.mpg";"das Fußballfeld ist wieder ganz leer"
"mp_dt_ganzschoenstrapaziert-x_hell.mpg";"das Wohlwollen des Chefs ist ganz schön strapaziert"
"mp_dt_gemeinschaftbilden_hell.mpg";"die Schüler bilden eine Gemeinschaft"
"mp_dt_handlungverwoben_hell.mpg";"die Handlungsstränge sind ineinander verwoben"
"mp_dt_hypothesenverwerfen-x_hell.mpg";"der junge Mann verwirft sein Vorhaben"
"mp_dt_ideennichtgebrauchen_hell.mpg";"die Ideen sind leider nicht zu gebrauchen"
"mp_dt_immerwiedervonvorne_hell.mpg";"die Diskussion fängt immer wieder von vorne an"
"mp_dt_indieserartdurchfuehren_hell.mpg";"der Künstler möchte seine Ideen in dieser Art umsetzen"
"mp_dt_komprimiertegeschichte_hell.mpg";"die Erzählung ist eine komprimierte Geschichte"
"mp_dt_maedchenjungsvoraus_hell.mpg";"die Mädchen sind den Jungen immer etwas voraus"
"mp_dt_nebeneinander_hell.mpg";"die verschiedenen Meinungen existieren nebeneinander"
"mp_dt_nichtvieldazu_hell.mpg";"der Zeuge hat eigentlich nicht viel dazu zu sagen"
"mp_dt_niveauanders_hell.mpg";"die Mieten bewegen sich auf einem anderen Niveau"
"mp_dt_onkelsteigtauf_hell.mpg";"der Onkel steigt in der Firma stetig auf"
"mp_dt_produktkleinezielgruppe_hell.mpg";"das Produkt ist für eine sehr kleine Zielgruppe gedacht"
"mp_dt_rechnerkompatibel_hell.mpg";"die Rechner sind kompatibel zueinander"
"mp_dt_richtungsweisendeerfolge-x_hell.mpg";"die Forschung hat richtungsweisende Fortschritte gemacht"
"mp_dt_schlussstrich_hell.mpg";"der Jugendliche zieht einen Schlussstrich"
"mp_dt_schnellentscheiden_hell.mpg";"die Heldin ist bereit sich schnell zu entscheiden"
"mp_dt_schrittfuerschritt_hell.mpg";"die Aufgabe muss Schritt für Schritt erklärt werden"
"mp_dt_schrumpfen_hell.mpg";"das Einkommen schrumpft seit Jahren"
"mp_dt_schrupfen_hell.mpg";"das Einkommen schrumpft seit Jahren"
"mp_dt_schwammig_hell.mpg";"die Aussage des Zeugen ist sehr schwammig"
"mp_dt_sprunghaft-x_hell.mpg";"der Dichter hat sehr sprunghafte Gedankengänge"
"mp_dt_standpunktklarmachen_hell.mpg";"der Referent macht seinen Standpunkt klar"
"mp_dt_stimmungschaukelthoch_hell.mpg";"die Stimmung schaukelt sich allmählich hoch"
"mp_dt_straeubtsich_hell.mpg";"die Vermieterin sträubt sich gegen den neuen Mieter"
"mp_dt_stuermisch_hell.mpg";"der Knabe hat ein stürmisches Gemüt"
"mp_dt_tierfilmreihe_hell.mpg";"der Sohn sieht einen Beitrag aus der Tierfilm Reihe"
"mp_dt_ueberbieten-x_hell.mpg";"die Pokerspieler überwiegen sich gegenseitig"
"mp_dt_untergeordnet-x_hell.mpg";"das Rudel ist dem Leitwolf untergeordnet"
"mp_dt_unterteilt_hell.mpg";"die Vorstellung ist durch Pausen unterteilt"
"mp_dt_variirenvonzu_hell.mpg";"die Zubereitung des Essens variiert von Koch zu Koch"
"mp_dt_vereinzelt_hell.mpg";"die Symptome finden sich nur vereinzelt wieder"
"mp_dt_verinnerlichen-x_hell.mpg";"der Student verinnerlicht das komplizierte Thema"
"mp_dt_verinnerlichen_hell.mpg";"der Anfänger verinnerlicht die gelernten Regeln"
"mp_dt_verschiedenegesinnungen_hell.mpg";"die verschiedenen Gesinnungen sind im ganzen Land vertreten"
"mp_dt_wechselhaftbefinden_hell.mpg";"das Befinden ist sehr wechselhaft"
"mp_dt_weitergeben_hell.mpg";"der Teamleiter gibt das Lob an seine Kollegen weiter"
"mp_dt_widerspruecheverstricken_hell.mpg";"der Täter verstrickt sich in Widersprüche"
"mp_dt_worterteilen-x_hell.mpg";"der Lehrer erteilt dem Schüler das Wort"
"mp_dt_zitterndestimme_hell.mpg";"das Opfer spricht mit zitternder Stimme"
"mp_dt_zunehmenanforderungen-x_hell.mpg";"die Ansprüche der Kinder nehmen langsam zu"
"mp_dt_zunehmenanforderungen_hell.mpg";"die Anforderungen an die Lehrlinge nehmen zu"
"mp_dt_zusammenenger_hell.mpg";"die Behörden sollen enger zusammenarbeiten"
"mp_dt_zweiseiten_hell.mpg";"die Lösung hat leider auch zwei Seiten"
"og_dt_achterbahnlooping_ton.mpg";"die Achterbahn macht einen Looping"
"og_dt_anhebengabelstapler_s.mpg";"der Gabelstapler hebt die Palette an"
"og_dt_anhebengabelstapler_ton.mpg";"der Gabelstapler hebt die Palette an"
"og_dt_anschiebenauto_ton.mpg";"die Passanten helfen das Auto anzuschieben"
"og_dt_auseinanderziehengummi_ton.mpg";"die Gymnastiklehrerin zieht das Gummiband in die Länge"
"og_dt_ausholen_ton.mpg";"der Junge holt weit aus um den Ball zu werfen"
"og_dt_ausstechen_ton.mpg";"die Mädchen stechen Plätzchen aus"
"og_dt_autoriesenhalle_s.mpg";"das Auto steht in einer riesigen Halle"
"og_dt_autoriesenhalle_ton.mpg";"das Auto steht in einer riesigen Halle"
"og_dt_ballrollthinunter_ton.mpg";"der Ball rollt den Abhang hinunter"
"og_dt_bildschirmdrehen_ton.mpg";"der Bildschirm lässt sich in alle Richtungen drehen"
"og_dt_buchdurchblaettern_ton.mpg";"die Studenten blättert das Buch durch"
"og_dt_datumnotieren_ton.mpg";"die Sekretärin notiert sich das Datum"
"og_dt_drehtuer_ton.mpg";"das Gebäude besitzt eine Drehtür"
"og_dt_dreieckeslogo_s.mpg";"die Firma hat ein dreieckiges Logo"
"og_dt_dreieckigeslogo_s.mpg";"die Firma hat ein dreieckiges Logo"
"og_dt_dreieckigeslogo_ton.mpg";"die Firma hat ein dreieckiges Logo"
"og_dt_dreieckiglogo_ton.mpg";"die Firma hat ein dreieckiges Logo"
"og_dt_dreieckigschild_ton.mpg";"der LKW rammt das dreieckige Schild"
"og_dt_dribbelnbask_ton.mpg";"der Basketballspieler dribbelt auf der Stelle"
"og_dt_eckigetischdecke_s.mpg";"der Holztisch braucht eine eckige Tischdecke"
"og_dt_eckigtischdecke_ton.mpg";"der Holztisch braucht eine eckige Tischdecke"
"og_dt_einanderansehen_ton.mpg";"die Frau und der Mann sehen einander an"
"og_dt_fernsteuerung_ton.mpg";"der Neffe steuert sein Modellauto mit der Fernsteuerung"
"og_dt_formenschneeball_s.mpg";"der Skifahrer formt einen Schneeball"
"og_dt_formenschneeball_ton.mpg";"der Skifahrer formt einen Schneeball"
"og_dt_gabelstapler_ton.mpg";"der Gabelstapler hebt die Palette an"
"og_dt_grosserwintergarten_s.mpg";"das Anwesen hat einen sehr großen Wintergarten"
"og_dt_grosserwintergarten_ton.mpg";"das Anwesen hat einen sehr großen Wintergarten"
"og_dt_gummihandschuhe_ton.mpg";"der Arzt zieht die Gummihandschuhe an"
"og_dt_hamsterlaufrad_ton.mpg";"der Hamster läuft in seinem Laufrad"
"og_dt_handysleichter_ton.mpg";"die neuen Handys werden immer leichter"
"og_dt_hausfrauputzt_ton.mpg";"die Hausfrau putzt die Fensterscheibe"
"og_dt_heftetmagnetwand_ton.mpg";"die Sekretärin heftet alles an die Magnetwand"
"og_dt_heizungrillensaeubern_ton.mpg";"die Heizung muss auch in den Rillen gesäubert werden"
"og_dt_henkelgroß_ton.mpg";"die Suppenschüssel hat einen großen Henkel"
"og_dt_herauskommen_ton.mpg";"das CD-Laufwerk kommt automatisch heraus"
"og_dt_hinaufberg_ton.mpg";"die Wanderung führt auf den Berg hinauf"
"og_dt_hochhebenball_ton.mpg";"der Sportlehrer hebt den Medizinball hoch"
"og_dt_huegeliglandschaft_ton.mpg";"die Landschaft hier ist eher hügelig"
"og_dt_innenauf_ton.mpg";"die Tür geht nur nach innen auf"
"og_dt_kantenhaargenau_ton (2).mpg";"die Kanten passen haargenau aufeinander"
"og_dt_kantenhaargenau_ton.mpg";"die Kanten passen haargenau aufeinander"
"og_dt_kindbisabgrund_ton.mpg";"das Kind rennt bis zum Abgrund"
"og_dt_kleinerkaefer_ton.mpg";"das Mädchen hat einen kleinen Käfer gefunden"
"og_dt_kreisverkehrsupermar_s.mpg";"der Supermarkt ist direkt am Kreisverkehr"
"og_dt_kreisverkehr_ton.mpg";"der Supermarkt ist direkt am Kreisverkehr"
"og_dt_krummerbuckel_ton.mpg";"die Großmutter hat einen krummen Buckel"
"og_dt_kuesterlaeutet_ton.mpg";"der Küster läutet die Glocke"
"og_dt_kurbelndrehorgel_ton.mpg";"die schaustellerin kurbelt an der Drehorgel"
"og_dt_langgestrecktgarten_s.mpg";"das Haus hat einen langgestreckten Garten"
"og_dt_langgestrecktgarten_ton.mpg";"das Haus hat einen langgestreckten Garten"
"og_dt_legosteinepassen_s.mpg";"die Legosteine passen genau zueinander"
"og_dt_legosteinepassen_ton.mpg";"die Legosteine passen genau zueinander"
"og_dt_mappeauf_ton.mpg";"der Student klappt die Mappe auf"
"og_dt_metallstangeverbiege_s.mpg";"der Athlet verbiegt die Metallstange mit der Hand"
"og_dt_metallstangeverbiege_ton.mpg";"der Athlet verbiegt die Metallstange mit der Hand"
"og_dt_mixencocktail_ton.mpg";"der Barkeeper mixt einen Cocktail"
"og_dt_mutterjackezu_s.mpg";"die Mutter macht dem Kind die Jacke zu"
"og_dt_mutterjackezu_ton.mpg";"die Mutter macht dem Kind die Jacke zu"
"og_dt_oeffnenkeksdose_ton.mpg";"die Schwester öffnet die Keksdose"
"og_dt_pforteabsperren_ton.mpg";"der Wachmann sperrt die Pforte ab"
"og_dt_quadratmosaik_s.mpg";"die Wandfliesen bilden ein quadratisches Mosaik"
"og_dt_quadratmosaik_ton.mpg";"die Wandfliesen bilden ein quadratisches Mosaik"
"og_dt_radiodrehknopf_ton.mpg";"die Radiosender werden am Drehknopf eingestellt"
"og_dt_regalbreit_s.mpg";"das Regal ist ungefähr 1 m breit"
"og_dt_regalbreit_ton.mpg";"das Regal ist ungefähr 1 m breit"
"og_dt_rollischwungholen_ton.mpg";"der Rollstuhlfahrer holt Schwung"
"og_dt_rundeschale_s.mpg";"das Obst liegt in einer runden Schale"
"og_dt_rundeschale_ton.mpg";"das Obst liegt in einer runden Schale"
"og_dt_rundesgefaess_ton.mpg";"die Kartoffeln sind in einem runden Gefäß"
"og_dt_rundesloch_ton.mpg";"die Mauer hat ein rundes Loch"
"og_dt_saltosprungbrett_ton.mpg";"die Schwimmerin macht einen Salto vom 5 Meter Brett"
"og_dt_sandrieselt_ton.mpg";"der Sand rieselt durch das plastiksieb"
"og_dt_schaerpetragen_ton.mpg";"der Bürgermeister trägt eine Schärpe"
"og_dt_schalten5tengang_ton.mpg";"der Fahrer schaltet in den fünften Gang"
"og_dt_schiebedachaufziehen_ton.mpg";"das Schiebedach kann man nach hinten aufziehen"
"og_dt_schiebenpuzzleteile_s (2).mpg";"das Kindergartenkind schiebt die Puzzleteile vom Tisch"
"og_dt_schiebenpuzzleteile_s.mpg";"das Kindergartenkind schiebt die Puzzleteile vom Tisch"
"og_dt_schiebenpuzzleteile_ton.mpg";"das Kindergartenkind schiebt die Puzzleteile vom Tisch"
"og_dt_schiebetuer_ton.mpg";"das Wohnzimmer ist durch eine Schiebetür abgetrennt"
"og_dt_schlagengong_ton.mpg";"der Buddhist schlägt auf den Gong"
"og_dt_schlangenlinien_ton.mpg";"der Fahrradfahrer fährt Schlangenlinien"
"og_dt_schleudernfrisbee_ton.mpg";"der Jugendliche schleudert die Frisbeescheibe weg"
"og_dt_schleudernwaesche_ton.mpg";"die Wäsche wird in der Waschmaschine geschleudert"
"og_dt_schleudertspeer_ton.mpg";"die Athletin schleudert ihren Speer weg"
"og_dt_schliessentueren_ton.mpg";"das Zimmermädchen schließt die Türen"
"og_dt_schmalerschlitz_ton.mpg";"der Briefkasten hat einen schmalen Schlitz"
"og_dt_schmalersteg_ton.mpg";"der Steg über den Bach ist schmal"
"og_dt_schmeissenstein_ton.mpg";"das Enkelkind schmeiß den Stein in eine Pfütze"
"og_dt_schneidenfiguren_ton.mpg";"die Schwester schneidet Figuren aus dem Papier"
"og_dt_schneidenzwiebeln_ton.mpg";"die Köchin schneidet die Zwiebel in Würfel"
"og_dt_schneiderinreisststoff_s.mpg";"die Schneiderin reißt den Stoff auseinander"
"og_dt_schneiderinreisststoff_ton.mpg";"die Schneiderin reißt den Stoff auseinander"
"og_dt_schraubefliegen_ton.mpg";"der Kunst Pilot fliegt eine Schraube"
"og_dt_schraubenleiste_ton.mpg";"der Mechaniker schraubt die Leiste fest"
"og_dt_schrumpfenballon_ton.mpg";"der Luftballon schrumpft in sich zusammen"
"og_dt_schwenkenkran_ton.mpg";"der Kran schwenkt auf die andere Straßenseite"
"og_dt_schwimmensee_ton.mpg";"der Urlauber schwimmt durch den See"
"og_dt_schwingentacktstock_ton.mpg";"der Dirigent schwingt den Taktstock"
"og_dt_schwirrenfliegen_ton.mpg";"die Fliegen schwirren über den Mülleimer"
"og_dt_segelnaufwind_ton.mpg";"der Vogel segelt im Aufwind im Ohr"
"og_dt_segelnzuboden_ton.mpg";"das Blatt segelt im Wind zu Boden"
"og_dt_senkrechtcds_s.mpg";"die CDs stehen senkrecht in der Kiste"
"og_dt_senkrechtcds_ton (2).mpg";"die CDs stehen senkrecht in der Kiste"
"og_dt_senkrechtcds_ton.mpg";"die CDs stehen senkrecht in der Kiste"
"og_dt_senkrechtfelswaende_ton.mpg";"die Felswände fallen senkrecht ins Meer ab"
"og_dt_serpentinenhinauf_ton.mpg";"die Straße führt in Serpentinen den Berg hinauf"
"og_dt_servierenkaffee_ton.mpg";"die Kellnerin serviert einen Kaffee"
"og_dt_setzenaufeinander_ton.mpg";"der Maurer setzt einen Stein auf den anderen"
"og_dt_siegertreppchen_ton.mpg";"der Gewinner steigt auf das Siegertreppchen"
"og_dt_sitztribuene_ton.mpg";"die Sitzplätze sind auf der Tribüne"
"og_dt_spieluhraufziehen_ton.mpg";"die große Schwester zieht die Spieluhr auf"
"og_dt_spitzergiebel-neu_ton.mpg";"das Gymnasium hat einen spitzen Giebel"
"og_dt_spitzergiebel_s.mpg";"das Gymnasium hat einen spitzen Giebel"
"og_dt_spitzstrassen_ton.mpg";"die beiden Straßen laufen spitz aufeinander zu"
"og_dt_spritze_ton.mpg";"die Patientin bekommt eine Spritze in den Arm"
"og_dt_steilhinauf_ton.mpg";"die Straße geht steil den Berg hinauf"
"og_dt_stemmthantel_s.mpg";"der Athlet stammt die Hantel in die Luft"
"og_dt_stemmthantel_ton.mpg";"der Athlet stammt die Hantel in die Luft"
"og_dt_stosstpfahl_ton.mpg";"der Bauer stößt den Pfahl in die Erde"
"og_dt_streutsand_ton.mpg";"der Hausmeister streut Sand auf den Gehweg"
"og_dt_strudelabfluss_ton.mpg";"das Badewasser bildet einen Strudel über dem Abfluss"
"og_dt_stufenlosverstellbar_ton.mpg";"der Schreibtischstuhl ist stufenlos verstellbar"
"og_dt_tafelbemalen_ton_bsp.mpg";"die Kinder bemalen die große Tafel"
"og_dt_tanzpartnerin_ton.mpg";"der Tänzer hält seine Partnerin im Arm"
"og_dt_teilenportionen_ton.mpg";"die Küchenhilfe teilt den Nachtisch in zwei Portionen"
"og_dt_teilenviertel_ton.mpg";"der Pizzabäcker teilt die Pizza in Viertel"
"og_dt_tigerhinundher_s_bsp.mpg";"der Tiger läuft im Gehege hin und her"
"og_dt_tigerhinundher_ton.mpg";"der Tiger läuft im Gehege hin und her"
"og_dt_tunktteebeutel_s.mpg";"die Oma tunkt den Teebeutel in die Tasse"
"og_dt_tunktteebeutel_ton.mpg";"die Oma tunkt den Teebeutel in die Tasse"
"og_dt_ueberberg_ton.mpg";"die Wanderung führt über den Berg"
"og_dt_ueberschlagenwagen_ton.mpg";"der Wagen überschlägt sich auf der Straße"
"og_dt_umruehrensosse_ton.mpg";"der Koch rührt die Nudelsoße um"
"og_dt_umschaltenfernbed_ton.mpg";"der Sohn schaltet das Programm mit der Fernbedienung um"
"og_dt_unkrautreissen_ton.mpg";"der Gärtner reißt das Unkraut aus dem Boden"
"og_dt_unterbrueckedurch_s.mpg";"die Straße führt unter der Brücke hindurch"
"og_dt_unterbrueckedurch_ton.mpg";"die Straße führt unter der Brücke hindurch"
"og_dt_vaseformen_s.mpg";"die Tante formt eine Vase im Töpferkurs"
"og_dt_vaseformen_ton.mpg";"die Tante formt eine Vase im Töpferkurs"
"og_dt_vorsprungrennfahrer_ton.mpg";"der Rennfahrer hat einen Vorsprung auf seine Gegner"
"og_dt_wagenheber_ton.mpg";"das Fahrzeug wird mit dem Wagenheber angehoben"
"og_dt_warndreiecklinks_ton.mpg";"die Fahrerin stellt das Warndreieck auf"
"og_dt_wasserpistolen_ton.mpg";"die Jungen spielen mit Wasserpistolen"
"og_dt_weiterozean_s.mpg";"der Seemann blickt über den weiten Ozean"
"og_dt_weiterozean_ton.mpg";"der Seemann blickt über den weiten Ozean"
"og_dt_wendeltreppe_ton.mpg";"die Treppe nach oben ist eine Wendeltreppe"
"og_dt_wiegengewicht_ton.mpg";"die Kundin prüft welche Frucht schwerer ist"
"og_dt_wiegenimwind_ton.mpg";"die Bäume wiegen sich im Wind"
"og_dt_wirbelsturm_ton.mpg";"der Sturm wird zu einem Wirbelsturm"
"og_dt_woelbenregalbrett_ton.mpg";"das Regalbrett wölbt sich unter der Last der Bücher"
"og_dt_zackensaegeblatt_ton.mpg";"das Sägeblatt der Kreissäge hat große Zacken"
"og_dt_zahnraeder-neu_ton.mpg";"die Zahnräder greifen ineinander"
"og_dt_zeigenbrosche_ton.mpg";"der Goldschmied zeigt seinen Broschen Sortiment"
"og_dt_zeigenpass_ton.mpg";"die Reisende zeigt ihren Pass"
"og_dt_zeitunglesen_s.mpg";"der Vater liest morgens die Tageszeitung"
"og_dt_zeitunglesen_ton.mpg";"der Vater liest morgens die Tageszeitung"
"og_dt_zerdrueckenschrottpresse_ton.mpg";"das Auto wird in der Schrottpresse zerdrückt"
"og_dt_zerschlagenhandkante_ton.mpg";"der Kämpfer zerschlägt das Brett mit der Handkante"
"og_dt_zufaechelnluft_ton.mpg";"die Dame fächelt sich frische Luft zu"
"og_dt_zusammenkleben_ton.mpg";"die Kindergärtnerin klebt zwei Schachteln zusammen"
"og_dt_zusammenschieben_ton.mpg";"der Musiker schiebt das Akkordeon zusammen"
"og_dt_zuziehenvorhaenge_s.mpg";"die Mutter zieht die Vorhänge zu"
"og_dt_zuziehenvorhaenge_ton.mpg";"die Mutter zieht die Vorhänge zu"
"tu_dt_angestellteheftet_hell.mpg";"die Angestellte heftet die Rechnungen zusammen"
"tu_dt_arztzieht_hell.mpg";"der Arzt zieht den Splitter mit einer Pinzette raus"
"tu_dt_astronombeobachtet_hell.mpg";"der Astronom beobachtet die Sterne"
"tu_dt_baeuerindreht_hell.mpg";"die Bäuerin dreht den Pfannkuchen um"
"tu_dt_bardameentkorkt_hell.mpg";"die Bardame entkorkt die Weinflasche"
"tu_dt_bauarbeiterschaufelt_hell.mpg";"der Bauarbeiter schaufelt den Dreck weg"
"tu_dt_bauersaegt_hell.mpg";"der Bauer sägt den Baumstamm ab"
"tu_dt_bedienungschoepft_hell.mpg";"die Bedienung schöpft Suppe in den Teller"
"tu_dt_bodenlegerschneidet_hell.mpg";"der Bodenleger schneidet den Teppich ab"
"tu_dt_bogenschuetzespannt_hell.mpg";"der Bogenschütze spannt den Bogen"
"tu_dt_damefaechelt_hell.mpg";"die Dame fächelt sich frische Luft zu"
"tu_dt_detektivbetrachtet_hell.mpg";"der Detektiv betrachtet den Fleck mit der Lupe"
"tu_dt_empfaengeroeffnet_hell.mpg";"der Empfänger öffnet das Briefkuvert"
"tu_dt_enkelkindputzt_hell.mpg";"das Enkelkind putzt sich die Zähne"
"tu_dt_feriengastrudert_hell.mpg";"der Feriengast rudert das Boot voran"
"tu_dt_floristingiesst_hell.mpg";"die Floristin gießt die Blumen"
"tu_dt_gaertnerinpumpt_hell.mpg";"die Gärtnerin pumpt Wasser in die Gießkanne"
"tu_dt_gastwirtwendet_hell.mpg";"der Gastwirt wendet das Schnitzel in der Pfanne"
"tu_dt_geigerinuebt_hell.mpg";"die Geigerin übt ein Musikstück ein"
"tu_dt_grossmuttertrinkt_hell.mpg";"die Großmutter trinkt einen Kaffee"
"tu_dt_hausfraubuegelt_hell.mpg";"die Hausfrau bügelt eine Herrenhemd"
"tu_dt_hausmeisterschneidet_hell.mpg";"der Hausmeister schneidet die Hecke"
"tu_dt_jaegerschiessthasen_hell.mpg";"der Jäger schießt auf den Hasen"
"tu_dt_jungespitzt_hell.mpg";"der Junge spitzt seinen Bleistift an"
"tu_dt_kajakfahrerinpaddelt_hell.mpg";"die Kajak Fahrerin paddelt kräftig"
"tu_dt_kellnerinoeffnet_hell.mpg";"die Kellnerin öffnet die Bierflasche"
"tu_dt_kindtrinkt_hell.mpg";"das Kind trinkt ein Glas Limonade"
"tu_dt_kochschneidet_hell.mpg";"der Koch schneidet den Schnittlauch"
"tu_dt_kuechenhilfeoeffnet_hell.mpg";"die Küchenhilfe öffnet die Mais Dose"
"tu_dt_kuechenjungehackt_hell.mpg";"der Küchenjunge hackt das Fleisch"
"tu_dt_kuechenmaedchenraspelt_hell.mpg";"das Küchenmädchen raspelt das Gemüse"
"tu_dt_kuenstlerinmalt_hell.mpg";"die Künstlerin malt ein Aquarell"
"tu_dt_maedchenfeilt_hell.mpg";"das Mädchen feilt sich die Fingernägel"
"tu_dt_malerstreicht_hell.mpg";"der Maler streicht die Wände an"
"tu_dt_mechanikerpumpt_hell.mpg";"der Mechaniker pumpt das Fahrrad auf"
"tu_dt_metzgerfleischwolf_hell.mpg";"der Metzger dreht das Fleisch durch den Fleischwolf"
"tu_dt_mutterabtropfen_hell.mpg";"die Mutter lässt den Salat abtropfen"
"tu_dt_nachbarinklopft_hell.mpg";"die Nachbarin klopft den Teppich aus"
"tu_dt_nichtegiesst_hell.mpg";"die Nichte gießt Milch in das Glas"
"tu_dt_obertraegt_hell.mpg";"der Ober trägt die Getränke herbei"
"tu_dt_omastrickt_hell.mpg";"die Oma strickt fleißig einen Pullover"
"tu_dt_postbeamtinstempelt_hell.mpg";"die Postbeamten stempelt die Briefmarke ab"
"tu_dt_prinzessinbuerstet_hell.mpg";"die Prinzessin bürstet sich die Haare"
"tu_dt_putzfraukehrt_hell.mpg";"die Putzfrau kehrt das Treppenhaus"
"tu_dt_raucherzeundet_hell.mpg";"der Raucher zündet sich eine Zigarette an"
"tu_dt_raucherzuendet_hell.mpg";"der Raucher zündet sich eine Zigarette an"
"tu_dt_schmiedhaemmert_hell.mpg";"der Schmied hämmert auf die Metallplatte"
"tu_dt_schneiderbuerstet_hell.mpg";"der Schneider bürstet den Mantel ab"
"tu_dt_schneiderinbestickt_hell_bsp.mpg";"die Schneiderin bestickt den Stoff"
"tu_dt_schreibkrafttippt_hell.mpg";"die Schreibkraft tippt einen Brief ab"
"tu_dt_schreinerhobelt_hell.mpg";"der Schreiner hobelt ein Brett"
"tu_dt_schuelerinradiert_hell.mpg";"die Schülerin radiert die Notizen weg"
"tu_dt_schuelerwuerfelt_hell.mpg";"der Schüler würfelt beim Brettspiel"
"tu_dt_sekretaerinlocht_hell.mpg";"die Sekretärin locht die Dokumente"
"tu_dt_skifahrerstoesst_hell.mpg";"der Skifahrer stößt sich kräftig ab"
"tu_dt_sportlerinpaddelt_hell.mpg";"die Sportlerin paddelt gegen den Strom"
"tu_dt_steinmetzschlaegt_hell.mpg";"der Steinmetz schlägt die Figur aus dem Stein"
"tu_dt_straßenarbeiterplaettet_hell.mpg";"der Straßenarbeiter plättet den Boden"
"tu_dt_studentinverquirlt_hell.mpg";"die Studentin verquirlt Eier und Milch"
"tu_dt_studentisst_hell.mpg";"der Student ist in der Mensa"
"tu_dt_tanteschneidet_hell.mpg";"die Tante schneidet eine Scheibe Brot ab"
"tu_dt_tischlerschleift_hell.mpg";"der Tischler schleift das Regal ab"
"tu_dt_touristinfoto_hell.mpg";"die Touristin macht ein Foto von der Kirche"
"tu_dt_vaterrasiert_hell.mpg";"der Vater rasiert sich am Morgen"
"tu_dt_verbrecherfeilt_hell.mpg";"der Verbrecher feilt das Gitter durch"
"tu_dt_verkaeuferindreht_hell.mpg";"die Verkäuferin dreht die Bratwürstchen um"
"tu_dt_waldarbeiterhackt_hell.mpg";"der Waldarbeiter hackt Brennholz"
"tu_dt_zimmermannhaut_hell.mpg";"der Zimmermann Haut den Nagel in die Wand"
"tu_dt_zoellnerbeobachtet_hell.mpg";"der Zöllner beobachtet die LKWs am Horizont"
